PassengerId,HomePlanet,CryoSleep,Cabin,Destination,Age,VIP,RoomService,FoodCourt,ShoppingMall,Spa,VRDeck,Name,Transported
4448_01,Earth,False,F/913/P,TRAPPIST-1e,40.0,False,0.0,0.0,2414.0,0.0,0.0,Elody Flowensley,True
3091_02,Europa,True,D/102/S,TRAPPIST-1e,26.0,False,,0.0,0.0,0.0,0.0,Shaiaz Wingcoling,True
0409_01,Mars,False,F/71/S,TRAPPIST-1e,31.0,False,0.0,0.0,1116.0,2.0,0.0,Mats Iccle,False
5459_01,Europa,False,C/213/S,TRAPPIST-1e,38.0,False,0.0,347.0,0.0,1545.0,2187.0,Jabbab Stoile,False
5526_02,Earth,True,G/891/S,TRAPPIST-1e,64.0,False,0.0,0.0,0.0,0.0,0.0,Eleah Stroyledgez,True
0784_01,Europa,True,C/33/S,55 Cancri e,28.0,False,0.0,0.0,0.0,0.0,0.0,Grafirk Aiming,True
5662_02,Earth,False,F/1080/S,TRAPPIST-1e,31.0,False,13.0,0.0,0.0,679.0,0.0,Karia Wolferguson,False
5704_01,Earth,True,G/913/P,TRAPPIST-1e,22.0,False,0.0,0.0,,0.0,0.0,Melara Callowery,True
5863_02,Earth,False,F/1210/P,TRAPPIST-1e,17.0,False,0.0,566.0,18.0,318.0,0.0,Allene Loverthyo,False
8743_01,Earth,,F/1802/P,55 Cancri e,19.0,False,179.0,16.0,246.0,280.0,0.0,Isa Villenson,False
6991_02,Europa,True,B/233/P,TRAPPIST-1e,43.0,False,0.0,0.0,0.0,0.0,,Spurin Disivering,True
6331_01,Europa,True,C/237/S,55 Cancri e,21.0,False,0.0,0.0,0.0,0.0,0.0,Atlasym Laturive,True
7902_03,Earth,True,G/1276/P,TRAPPIST-1e,49.0,False,0.0,0.0,0.0,0.0,0.0,Jodye Georgasey,False
6748_01,Mars,True,F/1289/S,TRAPPIST-1e,27.0,False,0.0,0.0,0.0,,0.0,Cank Scake,True
1603_02,Earth,True,G/256/P,TRAPPIST-1e,7.0,False,0.0,0.0,0.0,0.0,0.0,Card Carreralend,True
6230_01,Mars,False,E/414/S,TRAPPIST-1e,33.0,False,559.0,0.0,145.0,594.0,0.0,Hal Facke,False
7986_01,Mars,False,F/1655/P,TRAPPIST-1e,21.0,False,838.0,45.0,455.0,0.0,0.0,Weet Pimne,False
4524_01,Earth,False,F/930/P,PSO J318.5-22,,,0.0,116.0,2048.0,2.0,0.0,Briane Fulloydez,True
9272_02,Earth,False,F/1894/P,TRAPPIST-1e,21.0,False,86.0,3.0,149.0,208.0,329.0,Gordo Simson,False
1229_01,Earth,False,F/245/P,TRAPPIST-1e,27.0,False,0.0,0.0,863.0,33.0,2.0,Nelsie Floydendley,True
2661_01,Earth,False,F/515/S,TRAPPIST-1e,19.0,False,1.0,4.0,0.0,750.0,3.0,Leene Vandan,False
7085_03,Mars,True,F/1466/P,TRAPPIST-1e,1.0,False,0.0,0.0,0.0,0.0,0.0,Latsts Purle,True
0740_02,Europa,True,C/24/P,55 Cancri e,14.0,False,0.0,0.0,0.0,0.0,0.0,Zaurah Sageng,True
9280_02,Europa,False,E/608/S,TRAPPIST-1e,44.0,False,126.0,4688.0,0.0,0.0,12.0,Propsh Hontichre,True
1274_01,Earth,False,F/254/P,55 Cancri e,38.0,False,0.0,0.0,591.0,40.0,173.0,Claine Willangsey,False
8345_01,Earth,False,F/1602/S,PSO J318.5-22,18.0,False,0.0,0.0,1792.0,16.0,248.0,Glena Franton,False
0229_01,Earth,False,F/43/S,TRAPPIST-1e,24.0,False,4.0,7.0,0.0,713.0,79.0,Done Sellahaney,False
3065_01,Europa,False,D/94/P,55 Cancri e,37.0,False,0.0,2065.0,1650.0,356.0,1.0,Solark Preeldy,True
6563_02,Earth,False,G/1067/S,TRAPPIST-1e,30.0,False,0.0,123.0,0.0,1.0,784.0,Juanna Gainney,False
7133_01,Earth,False,F/1368/S,TRAPPIST-1e,18.0,False,457.0,0.0,11.0,335.0,0.0,Tammyl Delangleton,False
1434_03,Earth,True,G/222/P,TRAPPIST-1e,0.0,False,0.0,0.0,0.0,0.0,0.0,Emilla Cartez,False
3939_01,Earth,False,E/237/P,TRAPPIST-1e,37.0,False,772.0,0.0,840.0,1.0,5.0,Eriana Alberts,False
8840_01,Earth,False,F/1716/S,55 Cancri e,50.0,False,0.0,433.0,4.0,0.0,2020.0,Naomin Litthews,False
7666_01,Mars,True,F/1591/P,TRAPPIST-1e,19.0,False,0.0,0.0,0.0,0.0,0.0,Boos Emead,True
9103_01,Earth,False,G/1479/P,TRAPPIST-1e,25.0,False,3402.0,2449.0,28.0,259.0,197.0,Sadine Mcdanield,False
8354_01,Europa,True,B/323/S,TRAPPIST-1e,15.0,False,0.0,0.0,0.0,0.0,0.0,Phargak Springht,True
8411_01,Earth,False,F/1726/P,TRAPPIST-1e,15.0,False,0.0,3137.0,0.0,0.0,0.0,Therry Parsoney,True
0823_02,Earth,False,,55 Cancri e,42.0,False,0.0,0.0,739.0,0.0,0.0,Wenten Carrishley,True
8410_01,Earth,False,F/1615/S,TRAPPIST-1e,52.0,False,289.0,302.0,0.0,112.0,0.0,Joyn Guezaley,False
3381_01,Earth,True,G/539/S,TRAPPIST-1e,35.0,False,0.0,0.0,0.0,0.0,0.0,Blanie Milton,False
1417_01,Europa,False,C/54/S,TRAPPIST-1e,41.0,False,0.0,184.0,0.0,1520.0,3358.0,Alik Spedlinale,False
5799_01,,True,F/1108/S,55 Cancri e,39.0,False,0.0,0.0,0.0,0.0,0.0,Cruts Cres,True
7127_01,Europa,False,B/237/P,TRAPPIST-1e,,False,0.0,4155.0,0.0,1368.0,42.0,Dira Belstrut,False
7062_01,Earth,False,F/1464/P,TRAPPIST-1e,21.0,False,0.0,13.0,0.0,720.0,170.0,Benda Fryan,False
8542_01,Mars,True,E/544/P,TRAPPIST-1e,19.0,False,0.0,0.0,0.0,0.0,0.0,Dow Chate,False
6472_02,Europa,True,B/250/S,55 Cancri e,13.0,False,0.0,0.0,0.0,0.0,0.0,Cellah Steary,True
3850_03,Europa,False,C/137/S,TRAPPIST-1e,25.0,False,0.0,6130.0,0.0,36.0,1.0,Achib Unteckery,True
0448_02,Earth,True,G/71/P,PSO J318.5-22,32.0,False,0.0,0.0,0.0,0.0,0.0,,True
6915_01,Mars,True,F/1325/S,TRAPPIST-1e,29.0,False,0.0,0.0,0.0,0.0,0.0,Chrets Conca,True
3237_02,Mars,False,F/677/P,TRAPPIST-1e,7.0,False,0.0,0.0,0.0,0.0,0.0,Chrets Lapie,True
1384_02,Earth,True,G/210/S,TRAPPIST-1e,6.0,False,0.0,0.0,0.0,0.0,0.0,Berty Mayods,False
3573_01,Earth,False,F/673/S,PSO J318.5-22,24.0,False,0.0,33.0,0.0,84.0,1062.0,Luzel Garnettiz,False
2074_01,Europa,False,D/69/S,TRAPPIST-1e,24.0,False,1289.0,3343.0,0.0,4996.0,729.0,Sadir Alaring,False
6844_01,Mars,False,E/455/S,55 Cancri e,23.0,False,71.0,0.0,1376.0,0.0,890.0,Chones Brin,False
1864_01,Mars,False,D/64/S,TRAPPIST-1e,26.0,False,1752.0,22.0,0.0,4.0,,Hone Erflé,False
8559_02,Mars,False,F/1758/P,TRAPPIST-1e,3.0,False,0.0,0.0,0.0,0.0,0.0,Eclass Make,True
0445_02,,False,E/25/S,TRAPPIST-1e,26.0,False,0.0,0.0,0.0,77.0,715.0,Rice Marshopper,False
1579_01,Earth,False,F/311/P,55 Cancri e,26.0,False,333.0,1819.0,0.0,1.0,0.0,Rankie Pughanders,True
5755_01,Earth,False,G/933/S,TRAPPIST-1e,23.0,False,88.0,0.0,586.0,0.0,0.0,Loreen Cardner,True
2698_01,Europa,False,C/94/P,TRAPPIST-1e,50.0,False,0.0,2684.0,0.0,153.0,1751.0,Shelik Sofraten,False
0222_01,Mars,False,F/41/S,TRAPPIST-1e,20.0,False,1406.0,0.0,0.0,11.0,0.0,Gone Perte,False
8034_02,Mars,False,E/532/S,,52.0,False,1222.0,2.0,74.0,0.0,0.0,Almone Bost,False
2180_01,Earth,False,F/428/S,55 Cancri e,24.0,False,1.0,0.0,0.0,318.0,247.0,Coreen Masquez,False
7371_01,Earth,True,G/1185/P,55 Cancri e,42.0,False,0.0,0.0,0.0,0.0,0.0,Dandra Reyersendry,True
5411_01,Europa,False,B/206/S,TRAPPIST-1e,38.0,False,20.0,3960.0,153.0,280.0,1674.0,Alrakan Scoudelle,False
8801_01,Earth,False,F/1707/S,TRAPPIST-1e,37.0,False,10.0,557.0,51.0,83.0,0.0,Justie Vincenton,False
1095_01,Europa,True,,TRAPPIST-1e,34.0,False,0.0,0.0,0.0,0.0,0.0,Alhail Drelcate,True
8956_06,Earth,False,F/1838/P,PSO J318.5-22,22.0,False,0.0,29.0,165.0,404.0,0.0,Valex Bonnondry,False
2530_01,Mars,False,F/488/S,TRAPPIST-1e,25.0,False,1734.0,1.0,189.0,1.0,0.0,Sil Start,False
3562_01,Mars,False,E/212/P,55 Cancri e,21.0,False,2581.0,354.0,1158.0,139.0,548.0,Cole Nad,False
0167_01,Mars,True,F/35/S,TRAPPIST-1e,13.0,False,0.0,0.0,0.0,0.0,0.0,Miten Floaf,True
1625_02,Europa,False,C/59/P,TRAPPIST-1e,29.0,False,0.0,930.0,0.0,2113.0,98.0,Dabik Patimonne,False
3682_01,Mars,True,F/761/P,TRAPPIST-1e,19.0,False,0.0,0.0,0.0,0.0,0.0,Wealke Ica,True
8141_01,Earth,True,G/1310/S,TRAPPIST-1e,38.0,False,0.0,0.0,0.0,0.0,0.0,Stenny Belley,True
1484_01,Earth,,E/93/P,TRAPPIST-1e,16.0,False,92.0,1.0,884.0,0.0,0.0,Lan Roachoanand,False
1800_02,Earth,True,G/283/S,55 Cancri e,10.0,False,0.0,0.0,0.0,0.0,0.0,Nelle Goffey,False
2659_01,Mars,False,E/182/S,TRAPPIST-1e,14.0,False,,0.0,0.0,0.0,0.0,Luse Gelie,True
0642_01,Europa,False,C/25/S,55 Cancri e,29.0,False,0.0,3344.0,0.0,118.0,972.0,Dilatik Kiling,True
0485_01,Europa,False,B/17/S,55 Cancri e,21.0,False,0.0,33.0,0.0,3348.0,55.0,Furudah Unloweedic,False
7018_01,Mars,False,E/467/S,TRAPPIST-1e,30.0,False,0.0,0.0,0.0,0.0,0.0,Set Sturt,False
9239_01,Mars,False,E/593/P,TRAPPIST-1e,14.0,False,2.0,0.0,918.0,128.0,0.0,Per Minen,False
0476_01,Mars,False,F/103/P,PSO J318.5-22,27.0,False,,6.0,145.0,144.0,0.0,Coves Chiff,False
6173_01,Europa,True,B/208/P,TRAPPIST-1e,23.0,False,0.0,0.0,,0.0,0.0,,True
1024_02,Earth,True,G/152/P,TRAPPIST-1e,0.0,False,0.0,0.0,0.0,0.0,0.0,Myrace Nichaner,True
8376_01,Mars,True,F/1607/S,TRAPPIST-1e,28.0,False,0.0,0.0,0.0,0.0,0.0,Gamuls Rapie,True
4189_01,Earth,False,G/686/S,55 Cancri e,17.0,False,558.0,0.0,3.0,0.0,1226.0,Wayney Petermandez,False
0470_02,,True,F/86/S,TRAPPIST-1e,36.0,False,0.0,0.0,0.0,0.0,0.0,Jurs Binie,True
4706_01,Earth,True,G/762/P,TRAPPIST-1e,30.0,False,0.0,0.0,0.0,0.0,0.0,Andra Medington,False
3915_01,Earth,True,G/641/S,TRAPPIST-1e,33.0,False,0.0,0.0,0.0,0.0,0.0,Leondy Mayods,True
4305_02,Earth,True,G/707/P,PSO J318.5-22,4.0,False,0.0,0.0,0.0,0.0,0.0,Wally Conney,True
5360_01,Mars,True,F/1100/P,TRAPPIST-1e,38.0,False,0.0,0.0,0.0,0.0,0.0,Morms Nake,True
1798_01,Earth,False,E/137/S,TRAPPIST-1e,39.0,False,1.0,275.0,33.0,376.0,105.0,Bel Mcfarley,False
4901_01,Earth,False,G/790/P,TRAPPIST-1e,52.0,False,0.0,837.0,1.0,2.0,8.0,Nichad Baldson,False
5249_01,Mars,False,E/327/P,TRAPPIST-1e,25.0,False,922.0,0.0,1.0,91.0,0.0,Colal Fonie,False
8589_01,Europa,False,D/267/P,55 Cancri e,26.0,False,6.0,728.0,0.0,1273.0,1116.0,Gacrab Gealter,False
7849_01,Earth,False,G/1271/S,TRAPPIST-1e,22.0,False,558.0,63.0,0.0,0.0,0.0,Tonnie Ewisentley,False
6178_01,Earth,True,G/1001/P,PSO J318.5-22,28.0,False,0.0,0.0,0.0,0.0,0.0,Idarry Nichaner,False
5112_03,Europa,True,C/198/S,TRAPPIST-1e,13.0,False,0.0,0.0,0.0,0.0,0.0,Sadaton Opshaft,True
3236_03,Earth,False,E/200/P,TRAPPIST-1e,18.0,False,0.0,30.0,0.0,756.0,5.0,Anton Woody,False
0439_01,Europa,False,C/13/P,55 Cancri e,34.0,False,,5637.0,45.0,1936.0,56.0,Izarino Unciate,False
7994_01,Earth,False,G/1295/P,PSO J318.5-22,25.0,False,153.0,0.0,0.0,388.0,0.0,Ivanna Stanleyd,False
0044_02,Earth,True,G/3/P,55 Cancri e,4.0,False,0.0,0.0,0.0,0.0,0.0,Kayne Coopelandez,True
8772_02,Europa,False,,55 Cancri e,53.0,False,0.0,1127.0,0.0,3939.0,,Naosura Motled,False
3570_01,,False,G/574/S,PSO J318.5-22,15.0,False,85.0,373.0,160.0,5.0,0.0,Reney Balley,True
0020_06,Earth,False,E/0/S,TRAPPIST-1e,7.0,False,0.0,0.0,0.0,0.0,0.0,Terta Mcfaddennon,False
1457_01,Earth,False,E/110/S,TRAPPIST-1e,61.0,False,0.0,368.0,3.0,4422.0,0.0,Bra Combson,False
6034_02,Mars,True,E/385/P,PSO J318.5-22,31.0,False,0.0,0.0,0.0,0.0,0.0,Othawk Pette,False
1211_02,Earth,True,G/186/S,TRAPPIST-1e,8.0,False,0.0,0.0,0.0,0.0,0.0,Curtle Alvasquez,False
7038_01,Earth,True,G/1137/P,TRAPPIST-1e,51.0,False,0.0,0.0,0.0,0.0,0.0,Dwin Dorsenry,False
3476_01,Earth,,G/571/P,55 Cancri e,4.0,False,0.0,,0.0,0.0,0.0,Gabrie Joycerton,True
4795_01,Earth,False,F/905/S,TRAPPIST-1e,50.0,False,138.0,706.0,0.0,18.0,40.0,Ton Simstravery,True
3584_01,Earth,False,F/676/S,TRAPPIST-1e,55.0,False,42.0,4.0,1215.0,0.0,3.0,Gayla Leonzaley,True
8972_01,Mars,True,F/1736/S,TRAPPIST-1e,34.0,False,0.0,,0.0,0.0,0.0,Frunch Spore,True
3439_03,,True,B/130/S,55 Cancri e,26.0,False,0.0,0.0,0.0,0.0,0.0,Saleh Modent,True
4181_06,Europa,False,C/133/P,55 Cancri e,41.0,True,0.0,9463.0,0.0,1022.0,1562.0,Ranan Frattyring,True
3191_01,Mars,True,F/603/S,TRAPPIST-1e,68.0,False,0.0,0.0,0.0,0.0,0.0,Fex Sin,True
1458_01,,False,G/223/S,TRAPPIST-1e,46.0,False,0.0,0.0,2020.0,323.0,0.0,Arllia Mccarveymon,False
5012_01,Earth,True,G/811/P,55 Cancri e,24.0,False,0.0,0.0,0.0,0.0,0.0,Benny Joynewtonks,True
6692_01,Europa,True,B/256/S,55 Cancri e,26.0,False,0.0,0.0,0.0,0.0,0.0,Sino Syncepul,True
5648_02,Europa,False,C/179/P,55 Cancri e,50.0,False,0.0,103.0,0.0,240.0,8221.0,Unukath Braned,False
9024_01,Mars,False,F/1749/S,55 Cancri e,27.0,False,63.0,0.0,1970.0,0.0,0.0,Flys Jamai,True
2234_04,Mars,False,E/134/P,55 Cancri e,20.0,False,552.0,8.0,1348.0,5.0,,Jet Gen,False
5300_01,Earth,True,G/864/S,55 Cancri e,51.0,False,0.0,0.0,0.0,0.0,0.0,Healle Klindsayer,True
5051_01,Mars,False,E/324/S,TRAPPIST-1e,49.0,False,1176.0,0.0,20.0,103.0,0.0,Tous Flité,False
5557_01,Earth,True,G/890/P,TRAPPIST-1e,37.0,False,0.0,0.0,0.0,0.0,0.0,Jerek Mathison,True
8605_04,Europa,False,C/324/S,TRAPPIST-1e,26.0,False,0.0,226.0,0.0,436.0,4051.0,Aldibah Netshaless,False
7696_02,Mars,False,F/1601/P,TRAPPIST-1e,37.0,False,1000.0,0.0,80.0,40.0,0.0,Ars Ches,False
4738_01,Mars,False,F/893/S,TRAPPIST-1e,30.0,False,531.0,807.0,35.0,200.0,0.0,Suls Pread,False
1222_01,Earth,False,G/183/P,TRAPPIST-1e,75.0,False,0.0,493.0,0.0,131.0,132.0,Evenna Hubert,False
4594_01,Europa,False,C/144/P,TRAPPIST-1e,64.0,False,77.0,2424.0,0.0,3001.0,127.0,Tabius Folhal,False
4927_02,Mars,True,F/937/S,TRAPPIST-1e,22.0,False,0.0,0.0,0.0,0.0,0.0,Naish Brele,True
1413_01,Earth,True,G/218/S,PSO J318.5-22,18.0,False,0.0,0.0,0.0,0.0,0.0,Genee Nichoan,False
1984_01,Europa,False,,55 Cancri e,37.0,False,0.0,3166.0,0.0,91.0,6.0,Mesath Wassid,True
8799_01,Earth,False,G/1419/S,TRAPPIST-1e,19.0,False,0.0,0.0,855.0,11.0,42.0,Rossie Boltond,True
2625_01,Earth,True,G/426/P,TRAPPIST-1e,14.0,False,0.0,0.0,0.0,0.0,0.0,Paulie Stanleyd,True
2709_02,Mars,False,F/523/S,TRAPPIST-1e,0.0,False,0.0,0.0,0.0,0.0,0.0,Relix Welto,True
4120_01,Earth,True,G/680/S,PSO J318.5-22,,False,0.0,0.0,0.0,0.0,0.0,Aleroy Pentss,False
2221_01,Earth,True,G/355/P,PSO J318.5-22,29.0,False,0.0,0.0,0.0,0.0,0.0,Andrey Fisherry,True
1748_02,Earth,False,G/287/P,TRAPPIST-1e,0.0,False,0.0,0.0,0.0,0.0,0.0,Erice Burchrison,False
3293_01,Mars,False,F/623/S,TRAPPIST-1e,20.0,False,915.0,12.0,25.0,205.0,311.0,Wings Part,True
5192_01,Mars,True,F/995/S,TRAPPIST-1e,27.0,False,0.0,0.0,0.0,0.0,0.0,Tostex Khaf,True
4239_01,Earth,False,F/875/P,TRAPPIST-1e,68.0,False,0.0,1.0,223.0,580.0,0.0,Bethew Alest,False
2032_01,Mars,True,F/402/P,TRAPPIST-1e,26.0,False,0.0,0.0,0.0,0.0,0.0,Powl Shcad,True
1962_03,Earth,True,G/316/P,TRAPPIST-1e,0.0,False,,0.0,0.0,0.0,0.0,Dixiel Ryanga,True
7712_01,Europa,False,A/93/S,TRAPPIST-1e,25.0,True,1.0,4298.0,0.0,0.0,2.0,Alphact Gealter,True
6323_01,Europa,False,C/235/S,55 Cancri e,48.0,False,3.0,4089.0,0.0,4368.0,147.0,Aldeba Tionstious,False
7394_01,Earth,False,G/1193/P,55 Cancri e,25.0,False,0.0,653.0,21.0,0.0,0.0,Iree Strongers,False
8681_01,Mars,False,F/1787/P,TRAPPIST-1e,34.0,False,368.0,499.0,1729.0,0.0,2.0,Colde Derry,False
0568_01,Europa,,D/20/S,TRAPPIST-1e,33.0,False,1908.0,33.0,0.0,1.0,4.0,Enibik Baciffhaut,False
9252_01,Europa,False,B/301/P,55 Cancri e,26.0,False,0.0,8160.0,205.0,0.0,438.0,Alchium Stranbeate,True
3229_01,Europa,False,B/118/S,TRAPPIST-1e,45.0,False,3.0,2344.0,1100.0,498.0,0.0,Aino Chpeng,True
5622_01,Earth,False,F/1076/S,TRAPPIST-1e,68.0,False,0.0,0.0,970.0,0.0,0.0,Jenn Nolds,True
3213_01,Mars,False,D/103/P,TRAPPIST-1e,22.0,False,715.0,0.0,726.0,325.0,0.0,Lucan Surry,False
1442_01,Earth,True,G/220/S,PSO J318.5-22,13.0,False,0.0,0.0,0.0,0.0,0.0,Leenny Pughanders,True
6816_05,Earth,True,G/1108/P,55 Cancri e,0.0,False,0.0,0.0,0.0,0.0,0.0,Lerion Ewiseston,False
6946_01,Earth,False,F/1439/P,TRAPPIST-1e,70.0,False,28.0,0.0,0.0,672.0,104.0,Samany Buckson,False
5106_01,Earth,True,G/834/S,TRAPPIST-1e,29.0,False,0.0,0.0,0.0,0.0,0.0,Helle Barrez,True
4096_01,Mars,False,F/842/P,TRAPPIST-1e,46.0,False,949.0,0.0,128.0,3.0,41.0,Stote Vicke,True
4212_01,,True,G/690/S,TRAPPIST-1e,28.0,False,0.0,0.0,0.0,,0.0,Kenny Yanton,True
4756_02,Europa,True,C/188/S,55 Cancri e,54.0,False,0.0,0.0,,0.0,0.0,Beidus Gealloyalt,True
6635_01,Europa,False,C/209/P,TRAPPIST-1e,17.0,False,0.0,1339.0,26.0,244.0,15.0,Giebara Entratable,False
8864_01,Mars,True,F/1717/S,TRAPPIST-1e,18.0,False,0.0,0.0,0.0,0.0,0.0,Tench Pert,True
2463_01,Earth,False,E/171/S,TRAPPIST-1e,48.0,False,58.0,0.0,12.0,,0.0,Leondy Johnshines,False
0043_01,Europa,False,B/3/P,TRAPPIST-1e,45.0,False,0.0,164.0,45.0,2511.0,855.0,Ankalik Cylistrand,False
1763_01,Europa,False,E/133/S,TRAPPIST-1e,41.0,False,0.0,3240.0,0.0,59.0,0.0,Diskeon Stering,True
0482_02,Earth,False,F/88/S,TRAPPIST-1e,28.0,False,0.0,14.0,0.0,0.0,615.0,Isaacy Mallerez,False
0179_02,Earth,False,G/26/P,TRAPPIST-1e,0.0,False,0.0,0.0,0.0,0.0,0.0,Raque Webstephrey,False
6372_01,Europa,False,B/216/P,TRAPPIST-1e,40.0,False,773.0,3729.0,43.0,10.0,0.0,Bahoton Resendent,True
9275_01,Europa,False,A/97/P,TRAPPIST-1e,0.0,False,0.0,0.0,0.0,0.0,0.0,Polaton Conable,True
4625_01,Europa,False,B/183/S,TRAPPIST-1e,31.0,False,0.0,2520.0,1.0,1.0,0.0,Mothab Ineedeve,True
6963_01,Mars,False,F/1328/S,TRAPPIST-1e,20.0,False,3839.0,57.0,1967.0,4.0,2.0,Soyos Boste,False
7778_02,Mars,True,E/510/S,TRAPPIST-1e,17.0,False,0.0,0.0,0.0,0.0,0.0,Cinst Saste,False
2011_01,Earth,True,G/318/S,PSO J318.5-22,46.0,False,0.0,0.0,0.0,0.0,,Tonyn Bartines,False
3747_03,Europa,,B/118/P,TRAPPIST-1e,53.0,False,0.0,3377.0,0.0,193.0,5563.0,Dsch Brakebarne,False
5316_01,Mars,True,F/1087/P,55 Cancri e,23.0,False,0.0,0.0,0.0,0.0,0.0,Cats Ses,True
7520_01,Earth,False,F/1559/P,TRAPPIST-1e,58.0,False,1366.0,257.0,0.0,0.0,311.0,Elancy Alentonway,False
5786_01,Earth,False,G/928/P,PSO J318.5-22,47.0,False,14.0,3.0,0.0,1720.0,0.0,Alfrey Sarios,False
4469_02,Europa,False,B/146/P,55 Cancri e,43.0,False,0.0,39.0,327.0,4643.0,85.0,Coxan Windend,False
3553_01,Mars,False,,TRAPPIST-1e,28.0,False,3.0,0.0,0.0,327.0,2054.0,Wafox Maie,False
6893_01,Europa,True,B/261/S,TRAPPIST-1e,29.0,False,0.0,0.0,0.0,0.0,0.0,Winork Dreamspric,True
7339_01,Europa,False,E/474/P,,33.0,False,0.0,2107.0,0.0,15586.0,473.0,Ainkard Fanseld,False
7763_01,Earth,False,G/1254/S,55 Cancri e,14.0,,325.0,0.0,19.0,506.0,2.0,Dessie Lewinez,False
3444_01,Europa,False,B/131/S,55 Cancri e,33.0,False,0.0,27071.0,0.0,15.0,0.0,Ainoxa Scerodbox,True
0462_01,Earth,True,G/67/S,,50.0,False,0.0,0.0,0.0,0.0,0.0,Ronia Sosanturney,False
4327_01,Earth,False,F/811/S,TRAPPIST-1e,20.0,False,0.0,187.0,712.0,0.0,0.0,Dellia Douglasen,True
8673_01,Europa,True,C/285/P,,27.0,False,0.0,0.0,0.0,0.0,0.0,Taurak Pentical,True
4450_01,Europa,True,C/140/P,55 Cancri e,26.0,False,0.0,0.0,0.0,0.0,0.0,Zaurah Clugete,True
2799_01,Earth,False,G/447/S,TRAPPIST-1e,21.0,False,3.0,0.0,0.0,881.0,0.0,Idace Barrilloney,False
8615_02,Earth,True,G/1389/S,55 Cancri e,13.0,False,0.0,0.0,0.0,0.0,0.0,Jarena Buckentry,True
8504_02,Earth,True,G/1385/P,55 Cancri e,22.0,False,0.0,0.0,0.0,0.0,0.0,Kencey Moranthons,True
0583_02,Mars,True,F/109/S,TRAPPIST-1e,0.0,False,0.0,0.0,0.0,0.0,0.0,Beeres Erle,True
2679_01,Earth,True,G/426/S,TRAPPIST-1e,,False,0.0,0.0,0.0,0.0,0.0,Paulas Boltond,False
0480_01,Earth,False,G/74/P,TRAPPIST-1e,27.0,False,,34.0,23.0,0.0,275.0,Chrisa Mcdanield,False
5427_02,Mars,False,F/1118/P,TRAPPIST-1e,18.0,False,3458.0,0.0,216.0,0.0,0.0,Panbug Blane,False
6026_01,Mars,False,F/1246/P,TRAPPIST-1e,41.0,False,982.0,64.0,380.0,0.0,0.0,Stray Prie,True
2012_01,Europa,False,B/60/P,55 Cancri e,30.0,True,1250.0,865.0,0.0,3725.0,5416.0,Mirakis Amincrerus,False
8314_02,,False,D/245/S,55 Cancri e,29.0,True,0.0,2949.0,0.0,2.0,654.0,Hekaron Folumorly,True
8217_01,Earth,False,F/1570/S,TRAPPIST-1e,49.0,False,0.0,4.0,50.0,0.0,746.0,Joanny Mcbriddley,False
1599_01,Europa,True,C/58/P,TRAPPIST-1e,19.0,False,0.0,0.0,,0.0,0.0,Giedion Drelcate,True
0691_03,Mars,True,E/49/S,TRAPPIST-1e,23.0,False,0.0,0.0,0.0,0.0,0.0,Moss Potte,True
4515_02,Earth,False,G/739/P,55 Cancri e,15.0,False,6.0,1740.0,2184.0,0.0,0.0,Samie Fryersonis,True
5194_01,Europa,True,B/176/P,TRAPPIST-1e,18.0,False,0.0,0.0,0.0,0.0,0.0,Sabi Ainatint,True
4415_01,Mars,False,F/833/S,TRAPPIST-1e,45.0,False,941.0,281.0,36.0,12.0,39.0,Froon Parta,False
6338_01,Earth,False,F/1313/P,55 Cancri e,16.0,False,0.0,0.0,694.0,0.0,102.0,Elsane Fishopper,False
7697_01,Europa,,B/295/S,TRAPPIST-1e,41.0,False,0.0,0.0,0.0,0.0,0.0,Naosura Fusimodent,True
5923_01,Mars,True,F/1129/S,55 Cancri e,30.0,False,0.0,0.0,0.0,0.0,0.0,Oafron Batte,True
0221_03,Mars,False,E/13/S,TRAPPIST-1e,33.0,False,1933.0,12.0,188.0,1.0,0.0,Jacks Reke,False
8605_03,Europa,True,C/324/S,55 Cancri e,13.0,,0.0,0.0,0.0,0.0,0.0,Spuri Netshaless,True
2690_01,Earth,False,E/185/S,55 Cancri e,27.0,False,339.0,104.0,116.0,160.0,0.0,Eduana Stannondez,True
7113_01,Earth,False,F/1361/S,TRAPPIST-1e,24.0,False,0.0,0.0,0.0,0.0,757.0,Kris Simstravery,False
6128_01,Earth,True,G/992/P,TRAPPIST-1e,23.0,False,0.0,0.0,0.0,0.0,0.0,Samany Serry,False
8036_01,Earth,False,F/1537/S,TRAPPIST-1e,51.0,False,172.0,350.0,0.0,16.0,1005.0,Therie Maldon,False
4084_01,Europa,False,D/132/S,TRAPPIST-1e,26.0,False,0.0,1549.0,0.0,0.0,766.0,Arix Rentruing,True
6108_01,,False,F/1166/S,TRAPPIST-1e,13.0,False,206.0,28.0,0.0,1.0,629.0,,False
6334_05,Earth,False,E/421/S,TRAPPIST-1e,17.0,False,5.0,0.0,1317.0,287.0,0.0,Lynez Jenson,True
8644_02,Earth,False,F/1668/S,TRAPPIST-1e,29.0,False,0.0,0.0,0.0,0.0,1972.0,Ninaha Dunnisey,False
4663_03,Earth,True,G/765/S,TRAPPIST-1e,11.0,False,0.0,0.0,0.0,0.0,0.0,Nelsie Roachoanand,True
0258_01,Earth,False,F/50/S,TRAPPIST-1e,22.0,False,0.0,0.0,313.0,299.0,92.0,Feryla Cooperkins,False
8189_01,Europa,False,C/271/P,TRAPPIST-1e,35.0,False,0.0,747.0,0.0,0.0,2478.0,Arrak Fanchy,False
0992_06,Europa,False,D/35/S,55 Cancri e,37.0,False,4301.0,791.0,0.0,1748.0,91.0,Weidus Kiling,False
4005_05,Earth,True,G/657/P,PSO J318.5-22,40.0,False,0.0,0.0,0.0,0.0,0.0,Lorian River,True
6416_01,Earth,False,,TRAPPIST-1e,21.0,False,365.0,52.0,0.0,0.0,288.0,Karard Deckerson,True
1393_01,Mars,False,F/270/S,TRAPPIST-1e,36.0,False,42.0,0.0,212.0,151.0,1853.0,Mes Kake,False
7524_02,Earth,True,G/1215/P,PSO J318.5-22,23.0,False,0.0,0.0,0.0,0.0,0.0,Britta Simpsonks,True
1761_01,Earth,False,F/347/P,55 Cancri e,23.0,False,145.0,490.0,17.0,49.0,1.0,Ine Sweekstarks,False
3514_01,Earth,False,G/576/P,TRAPPIST-1e,19.0,False,122.0,170.0,52.0,0.0,465.0,Mara Batestonley,False
8294_01,Mars,True,E/543/S,TRAPPIST-1e,62.0,False,0.0,0.0,0.0,0.0,0.0,,True
2411_01,Earth,False,F/493/P,TRAPPIST-1e,29.0,False,19.0,2115.0,17.0,,0.0,Brinez Howenters,True
3337_03,Europa,False,B/125/S,TRAPPIST-1e,32.0,False,0.0,0.0,7.0,3653.0,226.0,Mesarix Boltund,False
4680_03,Mars,,F/952/P,TRAPPIST-1e,19.0,False,0.0,0.0,0.0,0.0,0.0,,True
3923_03,Earth,True,G/642/P,55 Cancri e,0.0,False,0.0,0.0,0.0,0.0,0.0,Kaye Cofferson,True
8052_02,Earth,False,G/1302/S,PSO J318.5-22,18.0,False,0.0,0.0,0.0,1.0,335.0,Perryl Serry,False
1892_01,Europa,False,D/59/P,TRAPPIST-1e,50.0,False,5.0,809.0,0.0,309.0,731.0,Coxark Couseced,True
8557_02,Europa,True,B/334/S,55 Cancri e,40.0,False,0.0,0.0,0.0,0.0,0.0,Golaran Swingse,True
3269_01,Europa,False,C/122/S,55 Cancri e,35.0,False,74.0,5082.0,0.0,893.0,1937.0,Terion Spistory,True
1507_02,Earth,False,F/289/S,TRAPPIST-1e,14.0,False,1.0,1.0,683.0,419.0,0.0,Jerek Jeffey,False
1211_04,Earth,True,G/186/S,TRAPPIST-1e,3.0,False,0.0,0.0,0.0,0.0,0.0,Erick Pollarkeeks,False
2212_01,Earth,False,F/445/P,TRAPPIST-1e,50.0,False,0.0,5.0,0.0,2170.0,0.0,Ebonyd Swanardy,False
0378_05,Europa,True,B/11/S,TRAPPIST-1e,13.0,False,0.0,0.0,0.0,0.0,0.0,Polaton Pirejus,True
3724_01,Earth,True,G/609/S,TRAPPIST-1e,24.0,False,0.0,0.0,0.0,0.0,0.0,Yvonna Mcdowns,True
4521_01,Earth,False,F/929/P,TRAPPIST-1e,18.0,False,1.0,1.0,0.0,0.0,746.0,Jessa Oneidson,False
1375_02,Earth,False,F/267/S,TRAPPIST-1e,19.0,False,0.0,3.0,946.0,0.0,0.0,Gwendy Sykess,False
0883_01,Earth,False,G/127/P,TRAPPIST-1e,13.0,False,875.0,5.0,10.0,18.0,0.0,Elson Malliamsey,False
7680_01,Europa,False,C/250/P,TRAPPIST-1e,27.0,False,0.0,6.0,0.0,7786.0,0.0,Baton Ousious,False
2168_02,Mars,False,F/427/S,TRAPPIST-1e,20.0,False,212.0,0.0,991.0,0.0,13.0,Gorice Lacke,False
0602_02,Mars,False,E/36/P,TRAPPIST-1e,25.0,False,0.0,0.0,0.0,0.0,0.0,Oats Brine,False
8906_01,Earth,False,F/1723/S,55 Cancri e,19.0,False,720.0,2.0,,,0.0,Rena Gainney,False
0930_02,Earth,True,G/134/P,TRAPPIST-1e,15.0,False,0.0,0.0,0.0,0.0,0.0,Elanie Sweett,True
3382_02,Earth,True,G/553/P,TRAPPIST-1e,56.0,False,0.0,0.0,0.0,0.0,0.0,Molley Rossey,True
1210_01,Earth,True,G/179/P,TRAPPIST-1e,45.0,,0.0,0.0,0.0,0.0,0.0,Helean Brooker,True
8862_02,Europa,False,C/329/S,PSO J318.5-22,38.0,True,0.0,2191.0,863.0,207.0,6262.0,Menkin Cluted,False
6708_02,Europa,False,A/67/P,TRAPPIST-1e,2.0,False,0.0,0.0,0.0,0.0,,,True
8988_03,Earth,True,G/1448/S,55 Cancri e,0.0,False,0.0,0.0,0.0,0.0,0.0,Catha Fowlesterez,True
8585_01,Mars,False,D/259/S,TRAPPIST-1e,50.0,False,748.0,164.0,269.0,0.0,0.0,Cireal Kepie,False
1833_01,Europa,False,C/61/P,55 Cancri e,48.0,False,140.0,127.0,0.0,4102.0,521.0,Mirark Scoudelle,False
7432_01,Europa,True,E/481/P,TRAPPIST-1e,38.0,False,0.0,0.0,0.0,0.0,0.0,Ainkard Amonysidle,True
7585_01,Europa,True,C/281/S,55 Cancri e,31.0,False,0.0,0.0,0.0,0.0,0.0,Suhaino Admingried,True
8701_01,Mars,False,F/1789/P,55 Cancri e,19.0,False,203.0,0.0,172.0,1460.0,151.0,Hammet Rekle,False
3104_01,Earth,False,G/507/P,TRAPPIST-1e,12.0,False,0.0,0.0,0.0,0.0,0.0,Shally Fowles,True
8338_02,Mars,False,F/1716/P,TRAPPIST-1e,45.0,False,506.0,0.0,2.0,829.0,0.0,Rail Empie,False
6821_01,Earth,False,F/1420/P,TRAPPIST-1e,43.0,False,142.0,1208.0,0.0,0.0,204.0,Landa Grifford,False
7950_04,Earth,True,G/1287/P,TRAPPIST-1e,26.0,False,0.0,0.0,0.0,0.0,0.0,Elany Ingston,True
1939_01,Mars,False,F/385/P,TRAPPIST-1e,57.0,True,975.0,0.0,295.0,39.0,0.0,Wacks Burta,False
4436_01,Earth,True,G/730/P,PSO J318.5-22,22.0,False,0.0,0.0,0.0,0.0,0.0,Lardy Jacobbinson,True
6861_01,Earth,True,G/1114/S,PSO J318.5-22,15.0,False,0.0,0.0,0.0,0.0,0.0,Iney Lambucketty,True
2592_02,Mars,False,D/75/P,TRAPPIST-1e,18.0,False,1102.0,9.0,2628.0,0.0,0.0,Cindee Flé,False
1439_02,Mars,False,D/52/S,TRAPPIST-1e,30.0,False,806.0,100.0,9.0,,47.0,Croo Lette,False
4552_01,Mars,False,F/937/P,TRAPPIST-1e,43.0,False,375.0,103.0,1990.0,36.0,0.0,Cinst Bake,True
0098_02,Earth,False,G/11/P,TRAPPIST-1e,26.0,False,0.0,2811.0,957.0,0.0,87.0,Leence Carezquez,True
0750_01,Earth,False,F/140/S,55 Cancri e,22.0,False,15.0,142.0,0.0,41.0,493.0,Tiney Kramosley,False
3903_05,Earth,False,F/804/P,TRAPPIST-1e,56.0,False,967.0,0.0,0.0,3.0,0.0,Tricky Doughan,False
2558_03,Mars,False,F/525/P,TRAPPIST-1e,55.0,False,403.0,0.0,922.0,0.0,0.0,Wor Katte,True
5396_01,Mars,False,F/1109/P,TRAPPIST-1e,,False,743.0,378.0,8.0,0.0,0.0,Rowl Flaie,False
2995_01,Europa,True,B/94/P,55 Cancri e,26.0,False,0.0,0.0,0.0,0.0,0.0,Minus Roforhauge,True
0020_02,Earth,True,E/0/S,55 Cancri e,49.0,False,0.0,0.0,0.0,0.0,0.0,Glendy Brantuarez,False
7278_01,Earth,False,E/485/S,TRAPPIST-1e,17.0,False,,188.0,795.0,0.0,0.0,Des Bryants,True
5566_01,Europa,False,E/349/P,55 Cancri e,72.0,False,2445.0,3023.0,0.0,704.0,20.0,Gluinon Gloyanthy,False
0984_03,Earth,False,G/150/S,TRAPPIST-1e,23.0,False,0.0,0.0,490.0,0.0,319.0,Morrie Sweekstarks,False
8634_01,Earth,False,G/1392/S,TRAPPIST-1e,38.0,False,1739.0,0.0,0.0,83.0,0.0,Wenny Hurchez,False
0415_01,Earth,True,G/60/S,TRAPPIST-1e,42.0,False,0.0,0.0,0.0,0.0,0.0,Iney Pierry,False
7545_01,Earth,True,G/1225/S,TRAPPIST-1e,,False,0.0,0.0,0.0,0.0,0.0,Jasony Nguerrettye,False
0014_01,Mars,False,F/3/P,55 Cancri e,27.0,False,1286.0,122.0,,0.0,0.0,Flats Eccle,False
3272_02,Earth,True,G/518/S,55 Cancri e,2.0,False,0.0,0.0,0.0,0.0,0.0,Eilan Kellynn,True
8077_01,Earth,False,G/1304/P,TRAPPIST-1e,20.0,False,721.0,122.0,0.0,0.0,0.0,Racy Watsongley,False
8168_06,Earth,False,G/1316/S,TRAPPIST-1e,18.0,False,0.0,858.0,2.0,,0.0,Camina Carpentley,True
6424_01,Earth,False,F/1331/P,TRAPPIST-1e,20.0,False,,0.0,151.0,508.0,0.0,Stelly Hardley,False
7958_01,Mars,True,E/525/S,TRAPPIST-1e,34.0,False,0.0,0.0,0.0,0.0,0.0,Suls Frazo,True
6365_01,Europa,False,A/64/P,55 Cancri e,33.0,False,0.0,38.0,0.0,1.0,3167.0,Atino Glogry,False
0269_01,Earth,False,F/52/S,55 Cancri e,47.0,False,0.0,231.0,592.0,0.0,0.0,Lerome Polliamposs,True
0127_01,Mars,False,E/7/S,TRAPPIST-1e,35.0,False,701.0,0.0,296.0,0.0,25.0,Miloss Mesty,False
7984_04,Mars,False,F/1653/P,TRAPPIST-1e,1.0,False,0.0,0.0,0.0,0.0,0.0,Guakes Birt,True
8218_01,Europa,True,B/272/P,TRAPPIST-1e,33.0,False,0.0,0.0,0.0,0.0,0.0,Tauvaah Aloubtled,True
5334_02,Earth,False,G/867/S,TRAPPIST-1e,30.0,False,0.0,674.0,39.0,0.0,10.0,Therly Connon,True
1655_01,Earth,False,,TRAPPIST-1e,28.0,False,3202.0,,0.0,0.0,5.0,Karay Dicksons,False
8444_01,Earth,False,F/1733/P,TRAPPIST-1e,48.0,False,0.0,1570.0,1.0,0.0,2.0,Robyna Monsoney,False
7864_01,Earth,False,F/1506/S,55 Cancri e,37.0,False,19.0,443.0,1769.0,0.0,3.0,Elly Potterry,True
8321_01,Earth,False,F/1713/P,TRAPPIST-1e,23.0,False,0.0,0.0,0.0,0.0,693.0,Hillie Farrez,False
6111_04,Europa,True,A/58/P,55 Cancri e,34.0,False,0.0,0.0,0.0,0.0,0.0,Hezenif Folumorly,True
0889_01,Europa,False,C/32/P,TRAPPIST-1e,48.0,False,0.0,0.0,0.0,0.0,0.0,Marfak Polksy,False
5693_01,Earth,False,F/1087/S,TRAPPIST-1e,45.0,False,0.0,0.0,2332.0,84.0,0.0,Hellia Blacks,True
6490_03,Europa,False,C/201/P,55 Cancri e,27.0,False,0.0,6924.0,849.0,149.0,1166.0,Tabiton Ightive,True
4441_01,Europa,True,B/144/P,55 Cancri e,31.0,True,0.0,0.0,0.0,0.0,0.0,Kabiton Clinarfork,True
8596_01,Europa,True,C/284/P,TRAPPIST-1e,44.0,False,0.0,0.0,0.0,0.0,0.0,Aldah Healted,True
8328_01,Earth,True,G/1356/P,TRAPPIST-1e,18.0,False,0.0,0.0,0.0,0.0,0.0,Melica Huffy,False
7387_01,Europa,False,C/240/P,TRAPPIST-1e,40.0,False,0.0,3508.0,761.0,12.0,32.0,Okulas Blercat,True
0588_01,Earth,True,G/89/P,PSO J318.5-22,20.0,False,0.0,0.0,0.0,0.0,0.0,Camiet Delazarson,False
2854_01,Earth,False,F/591/P,55 Cancri e,14.0,False,0.0,,14.0,692.0,809.0,Phia Buckentry,False
1333_01,Earth,False,F/269/P,PSO J318.5-22,32.0,False,0.0,486.0,0.0,229.0,26.0,Elindy Fryes,False
8235_01,Earth,False,F/1576/S,TRAPPIST-1e,15.0,False,0.0,21.0,22.0,1149.0,249.0,Joyton Coxterez,False
0119_02,Europa,True,A/0/P,TRAPPIST-1e,13.0,False,0.0,0.0,0.0,0.0,0.0,Kleeiak Coning,True
2288_01,Earth,False,E/163/S,TRAPPIST-1e,22.0,False,12.0,746.0,802.0,58.0,0.0,Dia Figuez,False
7702_01,Earth,True,G/1236/P,TRAPPIST-1e,16.0,False,0.0,0.0,0.0,0.0,0.0,Deanne Rosalanenn,False
6254_01,Europa,True,B/243/S,TRAPPIST-1e,37.0,False,0.0,0.0,0.0,0.0,0.0,Errak Pokeck,True
2006_02,Earth,False,G/317/S,TRAPPIST-1e,4.0,False,0.0,0.0,0.0,0.0,0.0,Crisey Moorez,False
4357_01,Mars,False,D/148/P,TRAPPIST-1e,23.0,False,118.0,0.0,949.0,206.0,2071.0,Fles Ses,False
3937_01,Earth,False,F/742/S,TRAPPIST-1e,24.0,False,45.0,588.0,5.0,7.0,0.0,Vanie Rossey,True
0476_03,Mars,True,F/103/P,TRAPPIST-1e,12.0,False,0.0,0.0,0.0,0.0,0.0,Beah Chiff,True
3446_01,Earth,True,G/555/S,PSO J318.5-22,44.0,False,0.0,0.0,0.0,0.0,0.0,Lilasa Buckleinson,True
8128_01,Mars,True,F/1682/P,TRAPPIST-1e,24.0,False,0.0,0.0,0.0,0.0,0.0,Mele Queke,True
2369_01,Earth,False,F/484/P,TRAPPIST-1e,30.0,False,3.0,0.0,880.0,0.0,40.0,Netty Youngrayes,False
7221_01,Europa,False,B/239/P,55 Cancri e,54.0,True,0.0,316.0,1.0,2038.0,388.0,Sulatik Sonofmory,False
5299_01,Earth,True,G/863/S,TRAPPIST-1e,16.0,False,0.0,0.0,0.0,0.0,0.0,Brina Coopezmaney,True
4886_01,Earth,False,F/931/S,TRAPPIST-1e,18.0,False,,0.0,1770.0,1284.0,8.0,Carita Simonsents,False
7573_01,Earth,True,G/1217/P,PSO J318.5-22,19.0,False,0.0,0.0,0.0,0.0,0.0,Teryla Welltonces,False
5003_01,Earth,True,G/809/P,TRAPPIST-1e,18.0,False,0.0,0.0,0.0,0.0,0.0,Dessie Bulliamoses,False
1116_01,Earth,False,G/174/S,TRAPPIST-1e,9.0,False,0.0,0.0,0.0,0.0,0.0,Rickie Barnolaney,True
0615_02,Earth,False,G/92/S,TRAPPIST-1e,7.0,False,0.0,0.0,0.0,0.0,0.0,Elina Hodes,True
7669_01,Earth,False,G/1230/P,TRAPPIST-1e,24.0,False,,636.0,136.0,37.0,0.0,Philda Whiters,False
1709_06,Mars,False,D/61/S,TRAPPIST-1e,15.0,False,1554.0,0.0,646.0,20.0,1241.0,Tyog Minen,False
0221_06,Mars,False,E/13/S,TRAPPIST-1e,16.0,False,915.0,0.0,221.0,234.0,0.0,Gran Reke,False
4393_01,Earth,True,G/722/P,TRAPPIST-1e,5.0,False,0.0,0.0,0.0,0.0,0.0,Annah Cookson,False
8639_01,Mars,True,E/567/S,TRAPPIST-1e,21.0,False,0.0,0.0,0.0,0.0,0.0,Wifts Berle,False
2433_01,Europa,True,C/84/P,TRAPPIST-1e,32.0,False,0.0,0.0,0.0,,0.0,Keidus Ametic,True
3206_01,Earth,False,G/520/P,TRAPPIST-1e,50.0,False,293.0,0.0,21.0,573.0,0.0,Gwenda Gainebergan,False
5070_01,Earth,False,F/966/S,,20.0,,542.0,175.0,0.0,5.0,0.0,Lillia Collinson,True
6099_01,Earth,True,G/992/S,TRAPPIST-1e,26.0,False,0.0,0.0,0.0,0.0,0.0,Elara Jarvey,True
5684_01,,True,B/218/S,TRAPPIST-1e,33.0,False,0.0,0.0,0.0,0.0,0.0,Zaninon Busive,True
5951_01,Earth,False,F/1133/S,55 Cancri e,21.0,False,423.0,0.0,172.0,0.0,,Patoya Landolphrey,False
1035_01,Mars,False,F/214/P,55 Cancri e,13.0,False,4.0,0.0,1973.0,0.0,39.0,Nutz Bra,True
3047_02,Mars,False,E/190/P,TRAPPIST-1e,16.0,False,995.0,0.0,6.0,48.0,0.0,Wafros Quart,False
4177_03,Europa,False,B/161/S,55 Cancri e,44.0,False,36.0,588.0,0.0,1675.0,3597.0,Wasath Foraud,False
5361_01,Earth,False,F/1101/P,PSO J318.5-22,18.0,False,0.0,,0.0,150.0,0.0,Elica Brantuarez,True
6606_01,Earth,False,F/1266/S,PSO J318.5-22,25.0,False,166.0,0.0,520.0,0.0,0.0,Regana Kellyons,False
3324_01,Mars,True,F/630/S,TRAPPIST-1e,31.0,False,0.0,0.0,0.0,0.0,0.0,Yalmon Buche,True
4223_01,Mars,False,F/790/S,55 Cancri e,19.0,False,1184.0,88.0,0.0,0.0,334.0,Manth Grean,True
1935_01,Earth,True,G/307/S,55 Cancri e,18.0,False,0.0,0.0,0.0,0.0,0.0,Sharie Gallenry,False
5044_02,Earth,True,G/826/S,PSO J318.5-22,29.0,False,0.0,0.0,0.0,0.0,0.0,,True
5496_01,Earth,True,G/882/P,55 Cancri e,22.0,False,0.0,0.0,0.0,0.0,0.0,Wayney Charryerry,True
1304_05,Earth,True,E/82/P,TRAPPIST-1e,37.0,False,0.0,0.0,0.0,0.0,0.0,Moniey Powenoble,False
1836_01,Earth,False,F/362/P,TRAPPIST-1e,23.0,False,1639.0,1218.0,0.0,1.0,0.0,Ronne Meleon,True
6549_01,Mars,False,F/1251/S,TRAPPIST-1e,31.0,False,1979.0,0.0,2.0,112.0,0.0,Eclass Flate,False
0305_01,Europa,False,C/7/P,55 Cancri e,23.0,False,0.0,584.0,0.0,20.0,2469.0,Suhelik Geousker,False
8157_05,Earth,False,G/1313/S,55 Cancri e,1.0,False,0.0,0.0,0.0,0.0,0.0,Lyne Morelly,True
1083_02,Mars,True,F/206/S,TRAPPIST-1e,23.0,False,0.0,0.0,0.0,0.0,0.0,Pars Sfin,True
0222_03,Mars,True,E/14/S,TRAPPIST-1e,16.0,False,0.0,0.0,0.0,0.0,0.0,Grake Perte,True
7219_06,Europa,False,C/235/P,TRAPPIST-1e,32.0,False,0.0,163.0,0.0,6953.0,50.0,Isoton Arible,False
8503_02,Europa,False,B/279/P,TRAPPIST-1e,31.0,False,0.0,529.0,0.0,,3884.0,Keidus Coweboded,False
6174_03,Earth,True,G/999/P,TRAPPIST-1e,,False,0.0,0.0,0.0,0.0,0.0,Anthia Mcbriddley,False
4866_01,Earth,False,F/922/S,TRAPPIST-1e,17.0,False,0.0,0.0,1875.0,142.0,2.0,Lewise Hoodgers,True
7002_01,Earth,False,G/1141/S,TRAPPIST-1e,29.0,False,888.0,0.0,1.0,0.0,0.0,Rickie Mickersones,False
3485_03,Europa,False,E/237/S,TRAPPIST-1e,33.0,False,0.0,3157.0,0.0,131.0,0.0,Hamak Oillepint,True
3195_02,Earth,False,G/505/S,PSO J318.5-22,60.0,False,0.0,31.0,6.0,223.0,356.0,Fredy Litthews,False
8374_01,Europa,True,,55 Cancri e,37.0,False,0.0,0.0,0.0,0.0,0.0,Gacrab Stubtlarle,True
5561_02,Europa,False,A/51/P,TRAPPIST-1e,28.0,False,0.0,175.0,0.0,214.0,7461.0,Cellus Fueling,False
0250_01,Earth,True,G/38/S,PSO J318.5-22,47.0,False,,0.0,0.0,0.0,0.0,Camily Kramosley,False
4853_01,Europa,False,C/153/P,TRAPPIST-1e,30.0,False,4531.0,212.0,10.0,157.0,12.0,Gimpus Inkcablel,False
2628_01,Europa,True,A/21/P,55 Cancri e,25.0,False,0.0,0.0,0.0,0.0,0.0,Graviph Amoutake,True
5188_03,Earth,True,G/838/P,TRAPPIST-1e,12.0,False,0.0,0.0,0.0,0.0,0.0,Wally Bootez,False
3715_03,Earth,False,G/602/P,TRAPPIST-1e,2.0,False,0.0,0.0,0.0,0.0,0.0,Vane Hubbarton,True
6028_05,Europa,False,A/57/P,TRAPPIST-1e,28.0,False,0.0,6921.0,0.0,29.0,45.0,Shelik Preeldy,True
3996_01,Earth,False,F/826/P,PSO J318.5-22,24.0,False,16.0,0.0,1136.0,0.0,40.0,Willy Meyersones,True
8360_01,Europa,True,B/326/S,TRAPPIST-1e,17.0,False,0.0,0.0,0.0,0.0,0.0,Okulas Valousead,True
3323_02,Europa,True,C/110/P,55 Cancri e,53.0,False,0.0,0.0,0.0,0.0,0.0,Jihoton Fliblerolt,True
4152_01,Earth,False,F/853/P,TRAPPIST-1e,35.0,False,89.0,0.0,0.0,545.0,0.0,Natha Wonglasquez,False
8224_01,Earth,True,G/1325/S,TRAPPIST-1e,31.0,False,0.0,0.0,0.0,0.0,0.0,Nancey Pooles,False
1146_01,Earth,False,F/232/P,55 Cancri e,26.0,,620.0,0.0,187.0,0.0,1304.0,Dianie Roses,False
3224_01,Earth,,F/607/S,TRAPPIST-1e,33.0,False,0.0,950.0,0.0,102.0,0.0,Ellie Fredersend,True
6947_01,Europa,True,B/264/S,TRAPPIST-1e,13.0,False,0.0,0.0,0.0,0.0,0.0,Becruxa Coudered,True
8618_01,Europa,False,B/336/S,55 Cancri e,18.0,False,0.0,694.0,0.0,0.0,1370.0,Hallux Resendent,False
1108_01,Mars,False,F/211/S,TRAPPIST-1e,58.0,False,55.0,0.0,756.0,246.0,100.0,Blesh Seen,False
8119_03,Earth,False,F/1555/S,55 Cancri e,20.0,,97.0,279.0,0.0,301.0,39.0,Thew Tersimpson,False
2364_01,Earth,False,G/381/P,TRAPPIST-1e,44.0,False,0.0,4.0,6.0,864.0,33.0,Sta Roachez,True
0671_01,Earth,True,G/102/P,PSO J318.5-22,46.0,False,0.0,0.0,0.0,0.0,0.0,Veroy Santry,True
2912_01,Mars,True,E/178/P,TRAPPIST-1e,34.0,False,0.0,0.0,0.0,0.0,0.0,Beeres Kine,False
2512_01,Europa,False,C/91/S,55 Cancri e,33.0,False,0.0,8759.0,0.0,2788.0,4513.0,Sabiton Parymider,False
8884_01,Earth,False,F/1830/P,TRAPPIST-1e,26.0,False,1471.0,0.0,7.0,5.0,0.0,Jenne Mckins,True
2436_01,Earth,False,F/501/P,TRAPPIST-1e,21.0,False,759.0,0.0,0.0,,40.0,Gileen Figuez,False
0006_02,Earth,True,G/0/S,TRAPPIST-1e,28.0,False,0.0,0.0,0.0,0.0,,Candra Jacostaffey,True
4542_02,Europa,True,B/150/P,55 Cancri e,20.0,False,0.0,0.0,0.0,0.0,0.0,Arrai Stracary,True
2770_01,Earth,False,G/443/S,TRAPPIST-1e,56.0,False,0.0,1721.0,0.0,96.0,0.0,Oraine Gainebergan,False
8092_01,Europa,False,D/238/S,TRAPPIST-1e,31.0,False,0.0,4655.0,135.0,2075.0,402.0,Mintard Pulgaly,True
5546_01,Europa,False,D/176/P,55 Cancri e,28.0,False,550.0,5203.0,0.0,2244.0,1624.0,Wasatan Brathful,False
7505_03,Mars,True,F/1553/P,TRAPPIST-1e,3.0,False,0.0,0.0,0.0,0.0,0.0,Monkle Fone,True
8815_01,Earth,False,F/1818/P,55 Cancri e,20.0,False,0.0,0.0,0.0,335.0,957.0,Frey Tranklinay,False
7208_02,Earth,False,F/1492/P,TRAPPIST-1e,16.0,False,23.0,479.0,0.0,0.0,373.0,Alene Gibbsonton,False
4658_02,Europa,False,D/147/S,TRAPPIST-1e,38.0,False,0.0,93.0,0.0,0.0,7303.0,Ruchban Bradiary,False
2138_01,Earth,True,G/344/S,55 Cancri e,13.0,,0.0,0.0,0.0,0.0,0.0,Colly Powery,True
0313_03,Earth,False,F/68/P,55 Cancri e,49.0,False,331.0,0.0,0.0,318.0,0.0,Jaimer Mckinsond,True
6625_02,Earth,False,F/1379/P,55 Cancri e,15.0,False,3.0,854.0,23.0,0.0,0.0,Hughy Garden,False
9001_01,Earth,False,F/1743/S,55 Cancri e,15.0,False,0.0,20.0,816.0,39.0,1.0,Kaye Chardsonnon,False
7943_02,Europa,False,B/258/P,PSO J318.5-22,36.0,True,2.0,6504.0,0.0,98.0,4.0,Eleb Spedlybood,True
3732_04,Europa,False,A/43/S,55 Cancri e,27.0,False,3340.0,588.0,,173.0,71.0,Duhra Scoudelle,False
5747_01,Earth,False,F/1192/P,TRAPPIST-1e,29.0,False,715.0,47.0,0.0,0.0,0.0,Troya Hallahaney,False
2695_01,Mars,False,E/186/S,TRAPPIST-1e,18.0,False,947.0,0.0,4.0,4.0,0.0,Honey Stike,False
7039_01,Earth,False,F/1461/P,PSO J318.5-22,36.0,False,56.0,,81.0,0.0,468.0,Toddie Benney,False
2802_01,Earth,False,F/581/P,TRAPPIST-1e,23.0,False,18.0,2595.0,0.0,0.0,122.0,Evane Chavezalez,True
1117_01,Earth,False,E/63/P,TRAPPIST-1e,18.0,False,855.0,0.0,51.0,0.0,0.0,Jimen Andackson,False
3775_01,Mars,True,F/712/S,TRAPPIST-1e,42.0,False,0.0,0.0,0.0,0.0,0.0,Coate Buche,True
0922_02,Europa,False,B/35/P,55 Cancri e,31.0,False,0.0,1095.0,0.0,169.0,1226.0,Achyon Obedaming,False
1631_01,Earth,False,E/118/S,TRAPPIST-1e,61.0,False,1215.0,32.0,0.0,0.0,362.0,Toniel Kennetty,False
2944_03,Earth,True,G/469/S,55 Cancri e,29.0,False,0.0,0.0,0.0,0.0,0.0,Sta Nichoan,False
3318_02,Europa,True,B/123/S,55 Cancri e,32.0,False,0.0,0.0,0.0,0.0,0.0,Azhab Openduave,True
3274_03,Earth,False,G/533/P,TRAPPIST-1e,64.0,,0.0,0.0,16.0,733.0,159.0,Annaha Hahnstoneal,False
2822_01,,True,G/450/S,55 Cancri e,3.0,False,0.0,0.0,,0.0,0.0,Patsya Harverez,True
4977_02,Earth,False,F/945/S,TRAPPIST-1e,32.0,False,2756.0,125.0,9.0,0.0,103.0,Nicey Merce,False
4199_01,Earth,False,F/787/S,TRAPPIST-1e,55.0,False,0.0,198.0,703.0,1.0,0.0,Milly Howenters,True
6281_01,Earth,False,G/1015/S,TRAPPIST-1e,38.0,False,20.0,0.0,751.0,0.0,2.0,Jimen Beckeey,True
8602_03,Earth,True,G/1396/P,,24.0,,0.0,0.0,0.0,0.0,0.0,Elson Weissey,False
3715_04,Earth,True,G/602/P,TRAPPIST-1e,16.0,False,0.0,0.0,0.0,0.0,0.0,Hen Hubbarton,False
3873_01,Earth,False,F/800/P,TRAPPIST-1e,29.0,False,2478.0,0.0,31.0,4.0,11.0,Violey Pearsalason,False
8860_04,Mars,False,E/567/P,TRAPPIST-1e,33.0,,1054.0,0.0,222.0,22.0,0.0,Appers Vloaf,False
3883_03,Europa,True,B/150/S,55 Cancri e,13.0,False,0.0,0.0,0.0,,0.0,Dira Unreezy,True
6111_03,Europa,True,,55 Cancri e,21.0,False,0.0,0.0,0.0,0.0,0.0,Ainkard Folumorly,True
7731_01,Europa,True,B/255/P,55 Cancri e,39.0,False,0.0,0.0,0.0,0.0,0.0,Keidus Suarging,True
6025_01,Earth,False,F/1245/P,TRAPPIST-1e,42.0,False,0.0,420.0,0.0,1.0,175.0,Joyton Hales,False
9231_01,Mars,True,F/1888/P,55 Cancri e,2.0,False,0.0,0.0,0.0,0.0,0.0,Denuts Paie,True
8986_01,Earth,False,E/590/S,TRAPPIST-1e,19.0,False,0.0,810.0,21.0,788.0,,Neilda Kirklander,False
7442_02,Earth,True,,PSO J318.5-22,17.0,False,0.0,0.0,0.0,0.0,0.0,Franda Morrencis,False
6512_02,,True,A/80/S,TRAPPIST-1e,,False,0.0,0.0,0.0,0.0,0.0,Photons Drivery,True
3986_01,Mars,False,F/755/S,TRAPPIST-1e,54.0,False,1217.0,0.0,1.0,4.0,0.0,Poot Pine,False
6464_01,Earth,False,F/1338/P,PSO J318.5-22,18.0,False,22.0,0.0,20.0,596.0,5.0,Arllia Ellahan,False
8637_03,Mars,False,E/555/P,TRAPPIST-1e,17.0,,330.0,1.0,967.0,0.0,0.0,Nakes Spien,False
8948_01,Europa,False,B/342/S,TRAPPIST-1e,57.0,,0.0,13.0,0.0,52.0,11325.0,Sterfik Hetforhaft,False
5465_02,,False,F/1132/P,TRAPPIST-1e,49.0,False,226.0,11.0,2.0,1580.0,0.0,Cings Chité,False
1601_01,Earth,False,G/255/P,TRAPPIST-1e,37.0,False,22.0,5.0,0.0,747.0,0.0,Elenna Mulley,False
5368_01,Earth,False,G/870/S,TRAPPIST-1e,18.0,False,0.0,0.0,55.0,2288.0,1.0,,False
4544_01,Earth,True,G/743/P,TRAPPIST-1e,34.0,False,0.0,0.0,0.0,0.0,0.0,Regana Pottney,True
4219_02,Mars,False,F/868/P,TRAPPIST-1e,40.0,False,1268.0,0.0,0.0,0.0,0.0,Sies Min,False
8545_01,Earth,False,F/1753/P,TRAPPIST-1e,18.0,False,0.0,0.0,7.0,717.0,0.0,Regana Kirks,False
6327_01,Mars,True,F/1308/P,TRAPPIST-1e,9.0,False,0.0,0.0,0.0,0.0,0.0,Rahars Casty,True
6724_02,Europa,True,C/213/P,55 Cancri e,17.0,False,0.0,0.0,0.0,0.0,0.0,Scelava Haftent,True
3361_03,Mars,True,F/635/S,TRAPPIST-1e,18.0,False,0.0,0.0,0.0,0.0,0.0,Bakix Razo,True
3824_01,Earth,False,G/625/S,PSO J318.5-22,49.0,False,0.0,51.0,101.0,50.0,,Byront Mclardson,True
8207_01,Mars,True,F/1695/P,TRAPPIST-1e,40.0,False,0.0,0.0,0.0,0.0,0.0,Hers Buche,True
1423_03,Europa,True,B/61/S,55 Cancri e,59.0,False,0.0,0.0,0.0,0.0,0.0,Sadra Rodwative,True
2137_02,Mars,False,F/423/P,55 Cancri e,3.0,False,0.0,0.0,0.0,0.0,0.0,Stoate Queke,True
0684_02,Mars,False,F/145/P,TRAPPIST-1e,0.0,False,0.0,0.0,0.0,0.0,0.0,Trohs Conie,True
7021_01,Earth,True,G/1146/S,55 Cancri e,33.0,False,0.0,0.0,0.0,0.0,0.0,Loree Lerez,True
5820_01,Earth,,F/1112/S,TRAPPIST-1e,45.0,False,112.0,406.0,198.0,0.0,0.0,Ellene Tersony,True
0369_01,Earth,False,G/53/S,TRAPPIST-1e,24.0,False,0.0,0.0,592.0,177.0,58.0,Veroy Pottonalden,True
5598_01,Earth,False,G/903/S,,19.0,False,0.0,0.0,500.0,2.0,208.0,Lulah Thony,True
3432_01,Earth,False,F/706/P,PSO J318.5-22,23.0,False,381.0,0.0,137.0,104.0,8.0,Bettie Miltongson,False
5744_01,Earth,False,G/931/S,TRAPPIST-1e,23.0,False,0.0,37.0,859.0,9.0,1.0,Felice Hinglendez,True
2075_01,Earth,False,F/402/S,55 Cancri e,29.0,False,270.0,0.0,0.0,25.0,343.0,Janne Yatters,False
0906_01,Earth,False,F/168/S,55 Cancri e,19.0,False,0.0,388.0,469.0,,0.0,Gwenda Hinetthews,True
6891_01,Mars,False,D/215/P,TRAPPIST-1e,27.0,False,725.0,0.0,1660.0,0.0,0.0,Treynx Casty,True
5333_01,Earth,False,G/862/P,TRAPPIST-1e,48.0,False,456.0,0.0,39.0,0.0,5.0,Vane Andley,True
1577_01,Earth,False,F/310/P,,23.0,False,0.0,169.0,,0.0,0.0,Keitha Grahangory,True
5631_01,Earth,False,F/1166/P,TRAPPIST-1e,20.0,False,47.0,0.0,0.0,0.0,2711.0,Bel Boltond,False
5355_01,Earth,False,F/1098/P,TRAPPIST-1e,27.0,False,0.0,686.0,0.0,101.0,9.0,Kerrie Deckley,True
5509_01,Earth,False,F/1055/S,TRAPPIST-1e,27.0,False,0.0,0.0,800.0,0.0,0.0,Allene Douglasen,True
3898_01,Earth,True,G/636/S,TRAPPIST-1e,14.0,False,0.0,0.0,0.0,0.0,0.0,Moniey Vinston,True
2028_01,Earth,False,F/391/S,PSO J318.5-22,24.0,False,662.0,0.0,0.0,0.0,9.0,Louisa Pooles,False
6918_01,Earth,True,G/1126/S,PSO J318.5-22,29.0,False,0.0,0.0,0.0,0.0,0.0,Neilda Barris,True
0826_01,Earth,False,,TRAPPIST-1e,27.0,False,174.0,653.0,0.0,0.0,0.0,Danna Hoopez,True
0628_01,Earth,False,F/133/P,TRAPPIST-1e,44.0,False,103.0,0.0,18.0,1197.0,1.0,Joela Gainebergan,True
6118_01,Mars,False,F/1266/P,55 Cancri e,42.0,False,1156.0,0.0,1.0,305.0,0.0,Carde Pité,False
1485_01,Mars,True,F/291/P,TRAPPIST-1e,38.0,False,0.0,0.0,0.0,0.0,0.0,Hones Man,True
1279_01,Europa,True,C/50/P,55 Cancri e,31.0,False,0.0,0.0,0.0,0.0,0.0,Sadark Dynigic,True
9178_01,Earth,False,F/1877/P,TRAPPIST-1e,53.0,False,49.0,584.0,0.0,0.0,70.0,Ernard Barnoldeney,False
1488_01,Mars,True,E/94/P,TRAPPIST-1e,42.0,False,0.0,0.0,0.0,0.0,,Powhex Betie,True
1210_02,Earth,False,G/179/P,TRAPPIST-1e,23.0,False,393.0,510.0,0.0,0.0,5.0,Done Brooker,False
6040_01,Earth,False,G/984/S,TRAPPIST-1e,16.0,False,805.0,4.0,0.0,0.0,0.0,Glendy Sterreray,True
5834_01,Earth,False,F/1206/P,,19.0,False,546.0,11.0,0.0,325.0,218.0,Sterry Brenney,False
6787_04,Earth,True,F/1411/P,PSO J318.5-22,42.0,False,0.0,0.0,0.0,0.0,0.0,Cassa Booneid,True
4485_01,Mars,True,F/922/P,TRAPPIST-1e,34.0,False,0.0,0.0,0.0,0.0,0.0,Rooses Tirte,True
8641_01,Mars,False,F/1667/S,TRAPPIST-1e,3.0,False,0.0,0.0,0.0,0.0,0.0,Cint Mille,True
6928_02,Earth,False,G/1128/S,TRAPPIST-1e,11.0,False,0.0,0.0,0.0,0.0,0.0,Jodye Bookerson,False
3099_01,Mars,True,E/203/S,TRAPPIST-1e,27.0,False,0.0,0.0,0.0,0.0,0.0,Chones Bine,True
5385_01,Mars,False,D/170/P,TRAPPIST-1e,31.0,False,2048.0,0.0,1040.0,136.0,0.0,Hon Cako,False
0265_01,Europa,True,D/8/S,TRAPPIST-1e,39.0,False,0.0,0.0,0.0,,0.0,Etair Herpumble,True
2778_02,Mars,True,F/576/P,55 Cancri e,53.0,False,,0.0,0.0,0.0,0.0,Yogal Fisty,True
1540_01,Europa,False,C/55/P,TRAPPIST-1e,32.0,False,1.0,470.0,0.0,1440.0,2114.0,Shamak Clumshangs,False
8757_01,Earth,False,G/1409/S,TRAPPIST-1e,28.0,False,1.0,1484.0,210.0,0.0,5.0,Vine Danielps,True
5988_01,Mars,False,F/1235/P,55 Cancri e,44.0,False,2956.0,0.0,10.0,12.0,692.0,Aard Curle,False
0012_01,Earth,False,,TRAPPIST-1e,31.0,False,32.0,0.0,876.0,0.0,0.0,Justie Pooles,False
5007_01,Mars,False,F/951/S,TRAPPIST-1e,35.0,False,1337.0,49.0,57.0,0.0,0.0,Gramus Watie,False
6490_01,Europa,True,C/201/P,55 Cancri e,57.0,False,0.0,0.0,0.0,0.0,0.0,Errairk Ineded,True
3655_01,Earth,False,F/690/S,TRAPPIST-1e,17.0,False,0.0,432.0,0.0,3003.0,0.0,Deandy Moreman,False
6150_01,Earth,False,F/1177/S,TRAPPIST-1e,18.0,False,0.0,784.0,8.0,11.0,0.0,Briane Anthon,True
5235_01,Earth,False,G/844/P,TRAPPIST-1e,29.0,False,30.0,0.0,605.0,267.0,6.0,Allyn Olivasquez,False
4169_02,Europa,False,D/140/P,TRAPPIST-1e,41.0,False,0.0,1562.0,0.0,2.0,16.0,Acruxon Susent,True
5035_01,Earth,True,G/825/S,TRAPPIST-1e,13.0,False,0.0,0.0,0.0,0.0,0.0,Sethew Coolerson,True
8252_02,Earth,,G/1341/P,TRAPPIST-1e,11.0,False,0.0,0.0,0.0,0.0,0.0,Thondy Nieldsond,False
8129_05,Earth,False,E/522/P,TRAPPIST-1e,39.0,False,44.0,1620.0,0.0,6.0,0.0,Rona Casonston,False
5479_01,Earth,True,G/881/S,55 Cancri e,36.0,False,0.0,0.0,0.0,0.0,0.0,Timyra Romason,True
7096_01,Europa,True,C/260/S,TRAPPIST-1e,29.0,False,0.0,0.0,0.0,0.0,0.0,Nunkib Tashal,True
7543_01,Earth,False,F/1564/P,TRAPPIST-1e,29.0,False,0.0,0.0,702.0,0.0,56.0,Patsya Saley,False
6402_04,Earth,False,G/1032/P,PSO J318.5-22,18.0,False,0.0,0.0,1720.0,1.0,0.0,Fayen Bradamss,True
2152_01,Earth,False,F/426/P,TRAPPIST-1e,45.0,False,2138.0,0.0,0.0,659.0,0.0,Eulah Bakericks,False
9167_01,Earth,False,F/1772/S,TRAPPIST-1e,35.0,False,0.0,0.0,0.0,684.0,0.0,Rhonya Donson,False
7650_05,Earth,True,G/1242/S,TRAPPIST-1e,4.0,False,0.0,0.0,0.0,0.0,0.0,Tera Palmes,False
8988_08,Earth,True,G/1448/S,TRAPPIST-1e,9.0,False,0.0,0.0,0.0,0.0,0.0,Neila Fowlesterez,False
0085_01,Europa,True,C/5/S,TRAPPIST-1e,40.0,False,0.0,0.0,0.0,0.0,0.0,Furudah Ellcefulve,True
6068_01,Earth,False,F/1154/S,TRAPPIST-1e,23.0,False,0.0,723.0,1.0,0.0,0.0,Lloyde Kimons,True
0401_01,Mars,False,D/14/S,TRAPPIST-1e,30.0,True,1056.0,0.0,0.0,0.0,0.0,Luse Pimne,False
7902_01,Earth,,G/1276/P,TRAPPIST-1e,60.0,False,0.0,0.0,0.0,0.0,0.0,Dianie Villenson,False
7538_01,Europa,False,A/81/P,TRAPPIST-1e,48.0,True,313.0,2864.0,0.0,0.0,12424.0,Achira Uncionted,False
7159_01,Europa,True,C/263/S,PSO J318.5-22,32.0,False,0.0,0.0,0.0,0.0,0.0,Alrairk Perable,True
6613_01,Earth,True,G/1078/S,TRAPPIST-1e,15.0,False,0.0,0.0,0.0,0.0,0.0,Darry Sawyerson,True
1916_02,Europa,False,D/61/P,55 Cancri e,22.0,False,1744.0,79.0,0.0,12.0,1514.0,,False
2399_01,Mars,False,E/169/S,TRAPPIST-1e,25.0,True,854.0,0.0,319.0,0.0,0.0,Stisps Sin,False
3438_01,Earth,True,G/564/P,TRAPPIST-1e,0.0,False,0.0,0.0,0.0,0.0,0.0,Shaele Pottney,True
7249_01,,False,E/482/S,TRAPPIST-1e,21.0,False,1046.0,1.0,0.0,1.0,0.0,Poloos Burle,False
5264_01,Earth,True,G/858/S,TRAPPIST-1e,21.0,False,0.0,0.0,0.0,0.0,0.0,Joyces Vinozarks,True
1258_01,Europa,False,A/10/P,55 Cancri e,30.0,False,0.0,3628.0,289.0,1737.0,4987.0,Tauva Cowsearney,False
1941_01,Earth,False,F/370/S,TRAPPIST-1e,20.0,False,717.0,0.0,0.0,0.0,0.0,Man Hendrewsons,False
5424_01,Mars,False,F/1117/P,PSO J318.5-22,13.0,False,358.0,65.0,599.0,676.0,0.0,Chtios Dal,False
1899_01,Earth,False,G/297/S,PSO J318.5-22,25.0,False,11.0,44.0,397.0,0.0,0.0,Sylvin Curton,False
8456_01,Europa,True,C/280/P,55 Cancri e,33.0,False,0.0,0.0,0.0,0.0,0.0,Eltais Calazy,True
6149_01,Earth,,G/995/S,TRAPPIST-1e,15.0,False,1682.0,103.0,0.0,0.0,3.0,Card Gallencis,True
2875_01,Europa,True,B/107/S,55 Cancri e,55.0,False,0.0,0.0,0.0,0.0,0.0,Zinonon Frolestty,True
3615_02,Earth,False,F/682/S,TRAPPIST-1e,,False,2.0,753.0,5.0,0.0,0.0,Loree Greenez,True
4470_01,Earth,False,F/839/S,TRAPPIST-1e,28.0,False,1549.0,0.0,5.0,0.0,0.0,Emmax Baketton,False
7323_01,Earth,False,F/1409/S,TRAPPIST-1e,30.0,False,0.0,0.0,547.0,,423.0,Terina Mcinton,False
4181_01,Europa,False,C/133/P,TRAPPIST-1e,4.0,False,0.0,0.0,0.0,0.0,0.0,Okulas Frattyring,True
2129_01,Earth,False,F/420/P,TRAPPIST-1e,17.0,False,736.0,0.0,2.0,20.0,0.0,Rice Camerrison,False
1024_01,Earth,False,F/209/P,55 Cancri e,18.0,False,187.0,12.0,0.0,1277.0,0.0,Verly Chavezalez,False
4989_01,Earth,False,E/310/P,TRAPPIST-1e,38.0,False,0.0,1.0,0.0,786.0,0.0,Inette Johnshines,False
2161_01,Mars,True,F/429/P,TRAPPIST-1e,43.0,False,0.0,0.0,0.0,0.0,0.0,Poselk Sidie,True
5887_01,Earth,False,E/374/P,PSO J318.5-22,50.0,False,781.0,2.0,0.0,61.0,0.0,Adrie Cochrisons,True
6139_05,Europa,True,C/230/S,55 Cancri e,51.0,False,0.0,0.0,0.0,0.0,0.0,Sinon Reedall,True
4058_01,Earth,False,G/669/S,TRAPPIST-1e,36.0,False,437.0,442.0,0.0,2.0,1.0,Nance Hinesh,False
1211_07,Earth,False,G/186/S,55 Cancri e,1.0,False,0.0,0.0,0.0,,0.0,Bretty Pollarkeeks,True
2760_03,Earth,True,G/438/S,TRAPPIST-1e,0.0,False,0.0,0.0,0.0,0.0,0.0,Chery Rigginsen,True
7529_01,Earth,True,G/1221/S,TRAPPIST-1e,18.0,False,0.0,0.0,0.0,0.0,0.0,Harrie Combson,True
5709_01,Europa,False,C/215/S,TRAPPIST-1e,33.0,False,0.0,4372.0,0.0,4103.0,0.0,Asellum Amblereld,True
9208_01,Earth,True,G/1485/S,TRAPPIST-1e,35.0,False,0.0,0.0,0.0,0.0,0.0,,True
3945_01,Earth,True,G/644/P,TRAPPIST-1e,28.0,False,0.0,0.0,0.0,0.0,0.0,Ivanne Lambles,False
6077_01,Earth,True,G/985/P,TRAPPIST-1e,17.0,False,0.0,,0.0,0.0,0.0,Armene Lewintos,True
1368_01,Earth,True,G/208/P,TRAPPIST-1e,27.0,False,0.0,0.0,0.0,0.0,0.0,Iandy Lanks,False
8032_02,Europa,True,A/85/P,,40.0,False,0.0,0.0,0.0,0.0,0.0,Alasym Couresteer,True
2964_01,Europa,False,A/35/S,TRAPPIST-1e,26.0,False,2050.0,8525.0,0.0,270.0,636.0,Izarfik Holiabler,False
8694_02,Earth,False,G/1411/P,TRAPPIST-1e,10.0,False,0.0,0.0,0.0,0.0,0.0,Dixiel Lunapperts,False
8719_01,Europa,False,A/104/S,TRAPPIST-1e,33.0,True,0.0,3076.0,0.0,3.0,994.0,Naslon Invebodene,False
5732_01,Earth,False,G/921/P,TRAPPIST-1e,20.0,False,0.0,0.0,53.0,2.0,754.0,Brancy Ocherman,False
5949_01,Mars,False,D/180/S,TRAPPIST-1e,19.0,False,758.0,425.0,0.0,0.0,0.0,Cin Shbre,False
0992_01,Europa,False,D/35/S,TRAPPIST-1e,49.0,False,31.0,2727.0,0.0,184.0,135.0,Zino Kiling,True
1918_02,Europa,True,A/23/S,TRAPPIST-1e,52.0,False,0.0,0.0,0.0,0.0,0.0,Sheleb Assibler,True
6628_01,Earth,False,F/1381/P,TRAPPIST-1e,29.0,False,0.0,0.0,272.0,394.0,50.0,,False
1306_02,Europa,False,B/56/S,55 Cancri e,11.0,False,0.0,0.0,0.0,0.0,0.0,Alsham Irintious,True
1892_03,Europa,False,D/59/P,55 Cancri e,19.0,False,0.0,748.0,158.0,5037.0,44.0,Schird Stpingepid,False
1148_07,Europa,False,C/42/P,55 Cancri e,34.0,False,2386.0,841.0,76.0,26.0,1693.0,Edaron Clugete,False
4553_01,Europa,False,C/143/P,PSO J318.5-22,55.0,True,0.0,102.0,0.0,278.0,5353.0,Auvam Watuald,False
1228_02,Mars,False,E/89/S,TRAPPIST-1e,59.0,False,142.0,0.0,907.0,0.0,0.0,Newtch Purle,True
4473_02,Mars,False,E/292/S,TRAPPIST-1e,27.0,False,994.0,0.0,26.0,1.0,0.0,Terek Welte,False
0757_01,Mars,False,D/33/P,55 Cancri e,67.0,False,1.0,0.0,5.0,1022.0,151.0,Mins Traie,False
6937_01,Earth,True,G/1131/S,TRAPPIST-1e,8.0,False,0.0,0.0,0.0,0.0,0.0,Robyna Petton,True
2764_01,Earth,False,E/189/S,TRAPPIST-1e,42.0,False,0.0,0.0,213.0,166.0,1209.0,Racily Reyervaney,True
2641_01,Earth,True,G/420/S,PSO J318.5-22,16.0,False,0.0,0.0,0.0,0.0,0.0,Kendre Merkins,False
3747_04,Europa,True,B/118/P,55 Cancri e,18.0,False,0.0,0.0,0.0,0.0,0.0,Tabiton Ambleetive,True
6841_01,Mars,True,E/454/S,55 Cancri e,29.0,False,,0.0,0.0,0.0,0.0,Tekris Meate,True
3921_01,Earth,False,E/262/S,TRAPPIST-1e,26.0,False,35.0,42.0,711.0,0.0,0.0,Felice Kramosley,True
1199_01,Earth,False,E/73/P,TRAPPIST-1e,16.0,False,0.0,0.0,752.0,0.0,235.0,Lillen Hubbarnett,False
4361_01,Earth,False,F/819/S,55 Cancri e,27.0,False,0.0,14.0,0.0,734.0,331.0,Carona Coopezmaney,True
0724_01,Earth,False,F/132/S,PSO J318.5-22,24.0,False,0.0,23.0,0.0,184.0,2566.0,Mela Bensley,False
7013_01,Earth,True,G/1144/S,TRAPPIST-1e,36.0,False,0.0,0.0,0.0,0.0,0.0,Fayene Lardy,True
0840_01,Earth,,G/123/P,TRAPPIST-1e,27.0,False,663.0,1111.0,0.0,0.0,2.0,Ebonyd Braymon,False
2831_01,Europa,False,D/86/P,TRAPPIST-1e,23.0,False,0.0,824.0,0.0,495.0,1479.0,Weznif Fandomatty,True
6000_01,Mars,False,,TRAPPIST-1e,19.0,False,781.0,0.0,295.0,613.0,0.0,Forms Bart,False
6887_01,Earth,False,G/1122/S,TRAPPIST-1e,32.0,False,0.0,326.0,31.0,5.0,545.0,Beathy Patrichane,False
8764_01,Mars,True,F/1697/S,55 Cancri e,25.0,False,0.0,0.0,0.0,0.0,0.0,Zers Gene,True
3952_01,Earth,False,F/746/S,TRAPPIST-1e,51.0,False,0.0,0.0,0.0,544.0,12.0,Earlie Rodricker,False
1086_02,Earth,False,G/166/P,TRAPPIST-1e,11.0,False,0.0,0.0,0.0,0.0,,Nancey Willangsey,False
0044_01,Earth,True,G/3/P,TRAPPIST-1e,55.0,False,0.0,0.0,0.0,0.0,0.0,Jodye Coopelandez,False
2202_01,Mars,False,F/443/P,TRAPPIST-1e,51.0,False,1671.0,0.0,17.0,0.0,0.0,Stmeal Horte,False
1147_01,Europa,True,B/42/P,TRAPPIST-1e,49.0,False,0.0,0.0,0.0,0.0,0.0,Solam Semageary,True
6971_02,Europa,False,C/225/P,TRAPPIST-1e,4.0,False,0.0,0.0,0.0,0.0,0.0,Chard Distured,True
4617_01,Earth,False,F/866/S,TRAPPIST-1e,53.0,False,19.0,81.0,85.0,768.0,489.0,Joycey Toddleton,False
3066_01,Earth,False,E/193/P,TRAPPIST-1e,35.0,False,1609.0,0.0,0.0,0.0,0.0,Felia Hortis,False
6296_01,Europa,True,B/247/S,TRAPPIST-1e,21.0,False,0.0,0.0,0.0,0.0,0.0,Alderak Balightal,True
4271_01,Europa,True,A/38/P,TRAPPIST-1e,25.0,False,0.0,0.0,0.0,0.0,0.0,Tabih Dissper,True
7450_01,Earth,False,G/1205/P,TRAPPIST-1e,23.0,False,509.0,0.0,193.0,0.0,2.0,Armene Sykess,False
0686_02,Mars,False,D/30/P,TRAPPIST-1e,29.0,True,3887.0,0.0,,12.0,0.0,Cheat Bert,False
8310_01,Europa,True,E/545/S,55 Cancri e,36.0,False,0.0,0.0,0.0,0.0,0.0,Azhah Hiebox,True
3322_01,Earth,True,G/542/P,TRAPPIST-1e,42.0,False,0.0,0.0,0.0,0.0,0.0,Man Philliames,True
3579_01,Earth,False,F/675/S,PSO J318.5-22,20.0,False,0.0,0.0,1.0,0.0,2260.0,Joycey Cartez,False
4785_01,Europa,True,B/159/P,55 Cancri e,29.0,False,0.0,0.0,0.0,0.0,0.0,,True
5230_01,Mars,False,F/1004/S,TRAPPIST-1e,23.0,False,263.0,0.0,1548.0,44.0,0.0,Dow Tité,True
6036_01,Europa,False,C/225/S,TRAPPIST-1e,44.0,False,0.0,1289.0,1224.0,514.0,1674.0,Achah Stpingepid,True
6702_01,Earth,True,G/1087/P,TRAPPIST-1e,50.0,False,0.0,0.0,0.0,0.0,0.0,Dell Carverson,True
2700_01,Earth,False,F/520/S,TRAPPIST-1e,24.0,False,45.0,138.0,1.0,0.0,530.0,Daven Perkings,False
4923_01,Mars,True,F/935/S,TRAPPIST-1e,4.0,False,0.0,0.0,0.0,0.0,0.0,Graw Sturt,True
7815_01,Earth,False,F/1496/S,PSO J318.5-22,27.0,False,0.0,605.0,0.0,0.0,0.0,Jaye Daviddley,True
6380_02,Earth,True,G/1028/P,TRAPPIST-1e,17.0,False,0.0,0.0,0.0,0.0,0.0,Dont Fryersonis,True
4690_02,Europa,False,,TRAPPIST-1e,27.0,False,14327.0,1487.0,0.0,1.0,0.0,Tope Dishocatal,False
6925_01,Earth,False,G/1120/P,TRAPPIST-1e,26.0,False,0.0,0.0,677.0,1.0,108.0,Juanie Hayerson,False
3530_01,Earth,True,G/568/S,TRAPPIST-1e,15.0,False,0.0,0.0,0.0,0.0,0.0,Besse Whitez,True
3841_01,Mars,False,F/793/P,TRAPPIST-1e,31.0,False,1049.0,31.0,227.0,2.0,0.0,Goldch Kashe,False
1698_01,,True,E/125/S,PSO J318.5-22,14.0,False,0.0,0.0,0.0,0.0,0.0,Cakes Make,True
3383_01,Earth,False,F/698/P,55 Cancri e,35.0,False,1.0,0.0,37.0,719.0,0.0,Benry Farleyatton,False
3440_01,Earth,False,G/565/P,TRAPPIST-1e,17.0,False,0.0,83.0,0.0,0.0,943.0,Nice Bertiz,False
0899_02,Earth,True,G/130/P,TRAPPIST-1e,44.0,False,0.0,0.0,0.0,0.0,0.0,Allene Warrishales,False
5763_01,Earth,False,F/1099/S,TRAPPIST-1e,40.0,False,0.0,0.0,56.0,1.0,642.0,Andan Alentonway,False
1881_01,Earth,False,F/377/P,TRAPPIST-1e,20.0,False,2215.0,0.0,0.0,86.0,0.0,Samie Valey,True
8981_01,Earth,False,E/589/S,TRAPPIST-1e,29.0,False,311.0,7.0,665.0,0.0,0.0,Deanny Rames,False
7878_01,Earth,False,G/1269/P,TRAPPIST-1e,18.0,False,0.0,0.0,32.0,0.0,673.0,Vane Nieldsond,False
1545_01,Mars,False,,TRAPPIST-1e,20.0,False,206.0,0.0,629.0,67.0,523.0,Hocks Fiha,True
4216_01,Europa,True,B/134/P,TRAPPIST-1e,65.0,False,0.0,0.0,0.0,0.0,0.0,Rotan Dratembid,True
3928_01,Europa,False,E/264/S,,28.0,False,3.0,1300.0,0.0,1250.0,1148.0,Anchird Witeronfus,False
9097_01,Mars,True,F/1863/P,TRAPPIST-1e,34.0,False,0.0,0.0,0.0,0.0,0.0,Hon Mille,True
7605_01,Mars,False,F/1452/S,55 Cancri e,28.0,False,2484.0,136.0,42.0,0.0,0.0,Othawk Crité,False
9218_01,Europa,True,B/353/S,55 Cancri e,43.0,False,0.0,0.0,0.0,0.0,0.0,,True
5223_01,Mars,False,F/1002/S,55 Cancri e,47.0,False,275.0,0.0,,24.0,0.0,Munda Ble,True
5916_01,Earth,False,E/383/S,,19.0,False,2.0,3.0,450.0,204.0,0.0,Marky Meltonway,True
2026_03,Earth,False,G/323/S,TRAPPIST-1e,20.0,False,0.0,4.0,429.0,0.0,287.0,Heald Alldson,False
5190_01,Earth,False,F/994/S,TRAPPIST-1e,13.0,False,0.0,0.0,0.0,0.0,1513.0,Jillie Barrilloney,False
8826_02,Europa,False,C/290/P,55 Cancri e,25.0,False,1369.0,310.0,3.0,4502.0,377.0,Nusakab Hednigic,False
7025_01,Earth,True,G/1147/S,TRAPPIST-1e,63.0,False,0.0,0.0,0.0,0.0,0.0,Des Willangsey,True
2799_02,,True,G/447/S,PSO J318.5-22,23.0,False,0.0,0.0,0.0,0.0,0.0,Sony Barrilloney,True
6908_01,Europa,False,C/254/S,TRAPPIST-1e,60.0,False,0.0,960.0,46.0,854.0,17074.0,Sheleon Swinvul,False
5182_02,Earth,False,G/836/P,TRAPPIST-1e,25.0,False,322.0,0.0,81.0,3.0,298.0,Berna Georgasey,True
2814_01,,True,G/455/P,PSO J318.5-22,18.0,False,0.0,0.0,0.0,0.0,0.0,Fredy Smalloney,True
0525_01,Earth,True,,TRAPPIST-1e,47.0,False,0.0,0.0,0.0,0.0,0.0,Wenise Mirezavis,True
0503_01,Mars,False,F/90/S,TRAPPIST-1e,10.0,False,0.0,0.0,0.0,0.0,0.0,Gal Fone,True
0371_01,Mars,True,F/84/P,TRAPPIST-1e,24.0,False,0.0,0.0,0.0,0.0,0.0,Chrey Dutte,True
4514_01,Earth,True,G/736/S,TRAPPIST-1e,16.0,False,0.0,0.0,0.0,0.0,0.0,Jacque Cleman,True
3773_02,Earth,False,F/711/S,TRAPPIST-1e,42.0,False,55.0,0.0,1503.0,0.0,0.0,Joeula Prestonard,True
7873_01,,False,F/1634/P,TRAPPIST-1e,24.0,False,569.0,156.0,0.0,12.0,0.0,Eduana Carpentley,False
0930_01,Earth,False,F/192/P,TRAPPIST-1e,38.0,False,646.0,0.0,0.0,135.0,260.0,Arlie Sweett,False
3421_01,Earth,False,F/704/P,PSO J318.5-22,40.0,False,15.0,0.0,0.0,670.0,,Lardy Burrilllins,False
0378_01,Europa,False,B/11/S,55 Cancri e,18.0,False,17.0,215.0,4.0,5132.0,697.0,Bram Pirejus,False
8260_03,Earth,True,G/1334/S,55 Cancri e,4.0,False,0.0,0.0,0.0,0.0,0.0,Melara Daviddley,True
4001_03,Earth,True,G/659/S,PSO J318.5-22,4.0,False,0.0,0.0,0.0,0.0,0.0,Leahy Lowelliott,True
2643_01,Earth,False,F/511/S,PSO J318.5-22,34.0,False,122.0,0.0,6.0,739.0,0.0,Terta Chasey,False
2006_03,Earth,True,G/317/S,TRAPPIST-1e,2.0,False,0.0,0.0,0.0,0.0,0.0,Joana Moorez,False
4177_01,Europa,True,B/161/S,TRAPPIST-1e,32.0,False,0.0,0.0,0.0,0.0,0.0,Mesatik Witalnerod,True
8168_08,Earth,True,G/1316/S,TRAPPIST-1e,38.0,False,0.0,0.0,0.0,0.0,0.0,Ryanne Boyers,True
3294_02,Earth,True,G/537/P,TRAPPIST-1e,,False,0.0,0.0,0.0,0.0,0.0,Elinda Georgasey,False
2264_01,Earth,False,F/442/S,TRAPPIST-1e,39.0,False,0.0,0.0,13.0,0.0,868.0,Lanedy Youngrayes,True
2629_01,Earth,False,G/427/P,TRAPPIST-1e,22.0,False,91.0,6.0,0.0,17.0,693.0,Sethew Lardsonald,False
0468_01,Earth,True,,TRAPPIST-1e,34.0,False,0.0,0.0,0.0,0.0,0.0,Haryn Wynneyerson,False
2215_01,Europa,False,A/27/S,55 Cancri e,41.0,True,0.0,29813.0,0.0,1257.0,6.0,Pulchib Quidedbolt,True
3120_02,Mars,False,E/204/S,TRAPPIST-1e,31.0,False,691.0,3.0,68.0,286.0,0.0,Aps Rhuba,False
9179_01,Earth,True,G/1494/P,TRAPPIST-1e,26.0,False,0.0,0.0,0.0,0.0,0.0,Paulah Tranciams,True
0457_03,Earth,False,G/72/P,TRAPPIST-1e,7.0,False,0.0,0.0,0.0,0.0,0.0,Joela Poperez,False
4372_02,Mars,False,E/283/S,TRAPPIST-1e,42.0,False,954.0,0.0,1.0,0.0,0.0,Boats Sache,False
3085_01,Earth,,G/504/P,TRAPPIST-1e,73.0,False,0.0,0.0,0.0,153.0,556.0,Coracy Briggins,False
6865_02,Europa,True,D/208/S,TRAPPIST-1e,32.0,False,0.0,0.0,0.0,0.0,0.0,Errim Peducting,True
8072_02,Europa,False,D/236/S,55 Cancri e,35.0,False,0.0,5500.0,0.0,180.0,3173.0,Arin Prombled,False
9108_02,Earth,False,G/1468/S,TRAPPIST-1e,37.0,False,15.0,7.0,0.0,786.0,0.0,Alvia Shawforden,False
9179_02,Earth,False,G/1494/P,TRAPPIST-1e,31.0,False,459.0,194.0,0.0,5.0,125.0,Hollie Tranciams,False
7805_01,Earth,False,G/1254/P,TRAPPIST-1e,37.0,False,0.0,0.0,0.0,0.0,0.0,Rosiey Hestes,False
4185_01,Earth,False,G/688/P,TRAPPIST-1e,24.0,False,0.0,1725.0,0.0,0.0,0.0,Coreee Waderoachez,True
4498_01,Earth,False,G/734/S,55 Cancri e,11.0,False,0.0,0.0,0.0,0.0,0.0,Valex Munozanson,False
6353_01,Europa,True,D/199/P,TRAPPIST-1e,53.0,False,0.0,0.0,0.0,0.0,0.0,,True
8147_03,Earth,False,G/1317/P,TRAPPIST-1e,42.0,False,18.0,5.0,470.0,356.0,57.0,Jeroy Pittler,False
3790_01,,True,G/620/P,TRAPPIST-1e,13.0,False,0.0,,0.0,,0.0,Trick Meyersones,True
7738_01,Mars,True,F/1476/S,TRAPPIST-1e,19.0,False,0.0,0.0,0.0,0.0,0.0,Graven Blie,True
5927_03,Europa,True,B/201/P,55 Cancri e,46.0,False,0.0,0.0,0.0,0.0,0.0,Kraban Sysilstict,True
3262_01,Earth,False,F/681/P,TRAPPIST-1e,32.0,False,0.0,632.0,0.0,0.0,0.0,Jodia Pottmanley,False
1800_01,Earth,False,G/283/S,55 Cancri e,12.0,False,0.0,0.0,0.0,0.0,0.0,Jarena Goffey,True
5885_05,Earth,True,G/954/S,55 Cancri e,23.0,False,0.0,0.0,0.0,0.0,0.0,Philda Oneiles,True
6418_01,Earth,False,F/1329/P,TRAPPIST-1e,27.0,False,93.0,0.0,0.0,0.0,772.0,Gerly Beachez,False
7910_01,Earth,False,F/1639/P,,30.0,False,4.0,637.0,0.0,0.0,3.0,Fery Rushing,False
7890_01,Earth,False,F/1508/S,TRAPPIST-1e,58.0,False,0.0,268.0,0.0,109.0,594.0,Chrisa Reenez,False
8474_01,Earth,,F/1632/S,55 Cancri e,21.0,False,39.0,53.0,94.0,33.0,518.0,Eriky Weaves,False
4934_01,Earth,False,F/1006/P,TRAPPIST-1e,31.0,False,210.0,20.0,0.0,1027.0,199.0,Raulia Hammonton,False
2220_01,Earth,False,G/357/S,TRAPPIST-1e,47.0,False,0.0,0.0,880.0,0.0,2.0,Ralda Acobsond,True
2625_02,Earth,False,E/160/P,TRAPPIST-1e,22.0,False,0.0,1.0,271.0,0.0,1348.0,Karlie Stanleyd,False
7585_02,Europa,False,C/281/S,TRAPPIST-1e,39.0,,8209.0,18.0,432.0,3560.0,54.0,Azhasim Admingried,False
1452_05,Europa,True,C/53/P,55 Cancri e,44.0,False,0.0,0.0,0.0,0.0,0.0,Gimph Distured,True
9157_02,Earth,True,G/1476/S,PSO J318.5-22,1.0,False,0.0,0.0,0.0,0.0,0.0,Ivanna Donson,True
4847_01,Earth,False,F/917/S,TRAPPIST-1e,19.0,False,0.0,0.0,699.0,18.0,86.0,Blancy Domington,True
6992_03,Earth,True,G/1131/P,TRAPPIST-1e,27.0,False,0.0,0.0,0.0,0.0,0.0,Murie Bakerrison,True
4632_02,Europa,True,C/176/S,TRAPPIST-1e,68.0,False,0.0,0.0,0.0,0.0,0.0,Azhasim Dightent,True
4644_01,Earth,False,F/872/S,55 Cancri e,13.0,False,8.0,1385.0,1445.0,250.0,8.0,Juliey Fultz,True
0430_01,Earth,False,F/75/S,TRAPPIST-1e,29.0,False,0.0,1026.0,0.0,16.0,0.0,Eliana Jorden,True
6994_02,Europa,False,B/267/S,TRAPPIST-1e,20.0,False,0.0,275.0,1690.0,580.0,5499.0,Alwaide Bagetvable,False
1282_01,Earth,True,G/191/P,PSO J318.5-22,18.0,,0.0,0.0,0.0,0.0,0.0,Dony Handertiz,False
1006_01,Earth,False,E/74/S,TRAPPIST-1e,21.0,False,0.0,0.0,0.0,0.0,791.0,Velyne Summington,False
8407_01,Earth,False,F/1613/S,TRAPPIST-1e,34.0,False,44.0,1290.0,51.0,0.0,9.0,Amandy Hessey,False
6698_01,Earth,False,F/1393/P,PSO J318.5-22,31.0,False,239.0,321.0,0.0,0.0,124.0,Julion Hayersents,False
9242_01,Earth,False,F/1891/P,TRAPPIST-1e,62.0,False,102.0,696.0,0.0,0.0,0.0,Dary Bakerrison,True
4592_04,Mars,True,F/862/S,TRAPPIST-1e,1.0,False,0.0,0.0,0.0,0.0,0.0,Pil Carté,True
2392_01,,True,G/386/P,TRAPPIST-1e,37.0,False,0.0,0.0,0.0,0.0,0.0,Isaacy Salin,True
1242_01,Europa,False,C/48/P,55 Cancri e,37.0,False,0.0,4677.0,0.0,115.0,223.0,Antonon Clugeadry,True
4013_01,Mars,False,E/243/P,TRAPPIST-1e,14.0,False,460.0,0.0,0.0,315.0,172.0,Coos Emead,False
8537_03,Mars,True,F/1643/S,TRAPPIST-1e,16.0,,0.0,0.0,0.0,0.0,0.0,Tonch Nutte,True
0163_01,Europa,True,B/8/P,TRAPPIST-1e,26.0,False,0.0,0.0,0.0,0.0,0.0,Kabiton Hetforhaft,True
8038_02,Europa,True,C/301/S,55 Cancri e,26.0,False,0.0,0.0,0.0,0.0,0.0,Asellab Gocent,True
1829_03,Europa,False,D/56/P,TRAPPIST-1e,22.0,False,0.0,8882.0,21.0,2204.0,19.0,Luxion Clumshangs,True
6805_01,Europa,False,E/449/S,TRAPPIST-1e,50.0,False,52.0,996.0,0.0,700.0,1.0,Alathim Suasharic,False
4350_01,Earth,True,G/709/S,TRAPPIST-1e,21.0,False,0.0,0.0,0.0,0.0,0.0,Rence Robersondez,True
0152_01,Earth,False,F/32/P,,41.0,False,0.0,0.0,0.0,0.0,607.0,Andan Estron,False
7342_01,Earth,False,G/1178/P,TRAPPIST-1e,50.0,False,0.0,185.0,0.0,1.0,558.0,Stevey Haynard,True
5595_01,Earth,False,F/1067/S,TRAPPIST-1e,30.0,False,0.0,1.0,0.0,870.0,0.0,Sonard Craftstens,False
0585_02,Mars,True,F/120/P,TRAPPIST-1e,5.0,False,0.0,0.0,0.0,0.0,0.0,Sugard Fone,True
8900_01,Earth,False,G/1441/P,TRAPPIST-1e,19.0,False,23.0,659.0,0.0,15.0,113.0,Stal Landolphrey,False
4125_01,Earth,True,G/677/P,PSO J318.5-22,22.0,False,0.0,0.0,,0.0,0.0,Jorgie Watkinsley,True
3499_01,Earth,False,G/574/P,TRAPPIST-1e,21.0,False,196.0,5.0,674.0,12.0,20.0,Francy Mccarveymon,False
2308_02,Europa,False,D/77/S,55 Cancri e,49.0,False,9.0,2426.0,95.0,1249.0,168.0,Beten Pringrous,False
4695_01,Mars,False,F/882/S,TRAPPIST-1e,0.0,False,0.0,0.0,0.0,0.0,0.0,Cobix Snoff,True
6984_02,Mars,True,F/1450/P,TRAPPIST-1e,54.0,False,0.0,0.0,0.0,0.0,0.0,Peefox Hake,True
5541_01,Mars,True,F/1147/P,TRAPPIST-1e,20.0,False,0.0,0.0,0.0,0.0,,Cornys Kra,True
3922_01,Earth,True,G/641/P,PSO J318.5-22,33.0,False,0.0,0.0,0.0,0.0,0.0,Melica Bardsey,True
6305_01,Europa,True,B/248/S,55 Cancri e,19.0,False,0.0,0.0,0.0,0.0,0.0,Ankabit Parbleake,True
6708_04,Europa,True,A/67/P,55 Cancri e,19.0,False,0.0,0.0,0.0,0.0,0.0,Elebi Sysilstict,True
6611_02,Earth,True,G/1069/P,TRAPPIST-1e,50.0,False,0.0,0.0,0.0,0.0,0.0,Briany Philloway,False
1389_01,Earth,True,G/212/S,55 Cancri e,38.0,False,0.0,0.0,0.0,0.0,0.0,Hatty Lowelliott,True
2110_01,Earth,True,G/339/P,TRAPPIST-1e,18.0,False,0.0,0.0,0.0,0.0,0.0,Ernice Joynewtonks,False
5602_02,Europa,False,B/190/P,55 Cancri e,18.0,False,0.0,3268.0,0.0,436.0,342.0,Hadirk Sedece,True
7715_01,Earth,False,F/1605/P,55 Cancri e,18.0,False,1.0,5.0,305.0,347.0,0.0,Denny Sterson,False
5090_06,Earth,False,G/821/P,,11.0,False,0.0,0.0,0.0,0.0,0.0,Scotte Willy,True
4498_08,Earth,False,G/734/S,TRAPPIST-1e,7.0,False,0.0,0.0,0.0,0.0,0.0,Kendy Munozanson,False
5512_01,Europa,False,A/67/S,55 Cancri e,31.0,False,0.0,225.0,0.0,301.0,4090.0,Fomalik Chsere,False
0327_01,Earth,False,,TRAPPIST-1e,19.0,False,17.0,0.0,784.0,0.0,2.0,Jasony Ocherman,True
4172_04,Mars,False,F/856/P,55 Cancri e,24.0,False,1363.0,0.0,50.0,0.0,0.0,Puffs Facle,False
7361_02,Europa,True,C/239/P,55 Cancri e,41.0,False,0.0,0.0,0.0,0.0,0.0,Genubih Rodwative,True
4166_02,Europa,False,B/132/P,55 Cancri e,58.0,True,0.0,279.0,3627.0,122.0,30.0,Ionan Stacketent,True
8316_01,Earth,False,F/1709/P,55 Cancri e,21.0,False,532.0,4.0,37.0,1.0,0.0,Gailia Beckerson,False
6265_01,Earth,False,,TRAPPIST-1e,20.0,False,379.0,,29.0,39.0,91.0,Natald Puckenton,False
6349_01,Mars,False,F/1314/P,TRAPPIST-1e,18.0,False,593.0,0.0,508.0,0.0,12.0,Lers Frasp,True
6929_02,Earth,True,G/1122/P,TRAPPIST-1e,32.0,False,0.0,0.0,0.0,0.0,0.0,Natha Llovers,True
0642_03,Europa,False,C/25/S,TRAPPIST-1e,79.0,False,0.0,0.0,0.0,2210.0,2.0,Chabik Kiling,False
6639_01,Earth,True,G/1075/P,PSO J318.5-22,18.0,False,0.0,0.0,0.0,0.0,0.0,Nelsie Strony,True
1323_01,Earth,True,F/267/P,55 Cancri e,23.0,False,0.0,0.0,0.0,0.0,0.0,Jilla Gamberson,True
2306_06,Europa,False,C/82/P,55 Cancri e,47.0,False,1320.0,428.0,4.0,24.0,0.0,Luxons Colensid,False
6562_01,Earth,False,F/1364/P,TRAPPIST-1e,27.0,False,0.0,0.0,23.0,30.0,815.0,Beathy Stephendsey,False
2589_05,Europa,True,C/91/P,TRAPPIST-1e,29.0,False,0.0,0.0,0.0,0.0,0.0,Duhra Meteet,True
2748_01,Earth,False,F/529/S,55 Cancri e,29.0,False,143.0,548.0,0.0,0.0,0.0,Kimmie Mickersones,True
4608_01,Earth,False,F/864/S,55 Cancri e,31.0,False,2.0,20.0,1.0,1026.0,2.0,Colle Maystuarey,True
6766_03,Earth,True,G/1098/P,TRAPPIST-1e,3.0,False,0.0,0.0,0.0,0.0,0.0,Reneen Warrishales,True
8586_01,Mars,False,E/550/P,55 Cancri e,24.0,False,0.0,0.0,396.0,256.0,1482.0,Zelowl Terry,False
5993_01,Mars,True,E/394/S,TRAPPIST-1e,27.0,False,0.0,0.0,0.0,0.0,0.0,Jetax Jaf,True
5351_01,Mars,,F/1026/S,55 Cancri e,46.0,False,1082.0,80.0,1177.0,0.0,323.0,Hion Knike,False
3609_04,Europa,True,C/118/P,55 Cancri e,26.0,False,0.0,0.0,0.0,0.0,0.0,Fomalik Fralledic,True
0251_01,,True,C/11/S,55 Cancri e,54.0,False,0.0,0.0,0.0,0.0,0.0,Diphah Amsive,True
5796_01,Mars,False,F/1107/S,TRAPPIST-1e,32.0,False,6769.0,0.0,,113.0,1.0,Grog Pre,False
0193_02,Mars,False,F/41/P,TRAPPIST-1e,23.0,False,,0.0,8.0,1072.0,0.0,Frook Raf,False
5039_02,Mars,True,F/958/S,TRAPPIST-1e,12.0,False,0.0,0.0,0.0,0.0,0.0,Hule Bate,True
4615_01,Mars,False,F/865/S,TRAPPIST-1e,42.0,False,36.0,0.0,2554.0,0.0,9.0,Chon Fla,True
1170_01,Earth,False,E/83/S,TRAPPIST-1e,23.0,False,0.0,0.0,279.0,0.0,512.0,Samie Mcneiley,False
1524_01,Earth,True,G/236/S,TRAPPIST-1e,14.0,False,0.0,0.0,0.0,0.0,0.0,Therie Shawforden,True
4595_01,Europa,True,C/145/P,TRAPPIST-1e,25.0,False,0.0,0.0,0.0,0.0,0.0,Alarion Swingse,True
5018_01,Earth,True,G/812/P,TRAPPIST-1e,13.0,False,0.0,0.0,0.0,0.0,0.0,Shanie Pooles,True
1879_01,Europa,False,D/58/P,TRAPPIST-1e,36.0,False,0.0,583.0,1789.0,19.0,1009.0,Alhair Inderly,False
8549_01,Mars,True,F/1648/S,TRAPPIST-1e,37.0,False,0.0,0.0,0.0,0.0,0.0,Tostex Grean,True
5062_01,Earth,False,E/325/S,,46.0,False,971.0,0.0,20.0,0.0,5.0,Sallie Bushallert,False
6211_01,Mars,False,D/193/P,TRAPPIST-1e,19.0,False,2006.0,0.0,,0.0,0.0,Mondax Botie,True
6826_01,Earth,False,G/1109/S,TRAPPIST-1e,49.0,False,0.0,69.0,92.0,1600.0,15.0,Elle Harrenoldez,False
5353_02,Europa,False,B/205/S,TRAPPIST-1e,39.0,False,43.0,9365.0,144.0,0.0,118.0,Weidus Reelest,True
1988_01,Earth,True,G/321/P,TRAPPIST-1e,44.0,False,0.0,0.0,0.0,0.0,0.0,Eleaha Wallerson,False
6526_01,Earth,True,G/1056/P,TRAPPIST-1e,21.0,False,0.0,0.0,0.0,0.0,0.0,Raulia Larks,True
8056_01,Europa,False,C/262/P,TRAPPIST-1e,54.0,False,0.0,793.0,0.0,87.0,1567.0,Ionium Ausivetpul,False
7505_01,Mars,False,F/1553/P,TRAPPIST-1e,51.0,True,511.0,0.0,291.0,4212.0,0.0,Ste Fone,False
3924_01,Earth,False,E/263/S,55 Cancri e,19.0,False,0.0,47.0,0.0,263.0,384.0,Nance Reenon,True
5959_01,Europa,False,D/181/S,TRAPPIST-1e,29.0,False,1.0,2809.0,97.0,61.0,1227.0,Schabik Praugnox,False
8825_01,Earth,True,G/1422/S,55 Cancri e,21.0,False,0.0,0.0,0.0,0.0,0.0,Iree Halexandez,True
7841_01,Earth,False,G/1260/P,PSO J318.5-22,43.0,False,6.0,25.0,0.0,5250.0,0.0,Netty Maynardner,False
1568_02,Earth,True,G/248/P,PSO J318.5-22,18.0,False,0.0,0.0,,0.0,0.0,Samany Burchrison,True
9042_01,Europa,False,B/294/P,55 Cancri e,42.0,False,0.0,5436.0,0.0,471.0,109.0,Askeid Clunic,True
3142_01,Mars,False,F/591/S,TRAPPIST-1e,43.0,False,33.0,1117.0,59.0,0.0,16.0,Backse Cla,False
4260_01,Earth,True,G/696/S,TRAPPIST-1e,27.0,False,0.0,0.0,0.0,0.0,0.0,Chelly Kaney,True
5188_02,Earth,True,G/838/P,TRAPPIST-1e,9.0,False,0.0,0.0,0.0,0.0,0.0,Elindy Hessey,True
6968_01,Earth,False,F/1447/P,TRAPPIST-1e,13.0,False,0.0,114.0,682.0,0.0,7.0,Dandra Yanton,False
0691_01,Mars,False,E/49/S,TRAPPIST-1e,19.0,False,164.0,0.0,783.0,0.0,0.0,Bubbix Potte,False
1659_01,Earth,False,F/313/S,TRAPPIST-1e,41.0,False,0.0,82.0,3.0,0.0,718.0,Rayle Pugherman,False
8620_01,Mars,False,F/1659/S,TRAPPIST-1e,35.0,True,1234.0,35.0,7.0,0.0,0.0,Cinets Crité,False
1169_01,Mars,,F/221/S,TRAPPIST-1e,40.0,False,2357.0,0.0,9.0,0.0,0.0,Tifet Sin,False
2762_01,Earth,False,G/439/S,TRAPPIST-1e,36.0,False,625.0,0.0,260.0,0.0,0.0,Bobina Leonzaley,False
6631_01,Europa,,C/208/P,TRAPPIST-1e,27.0,False,0.0,1891.0,0.0,2167.0,0.0,Etamino Suasharic,False
1110_02,Europa,False,C/42/S,55 Cancri e,26.0,False,8.0,6138.0,0.0,3.0,754.0,Batomam Ennalve,True
8264_01,Mars,False,F/1584/S,TRAPPIST-1e,21.0,False,32.0,0.0,1008.0,0.0,0.0,Lifes Ste,True
5888_01,Mars,False,F/1218/P,55 Cancri e,27.0,False,1331.0,0.0,0.0,0.0,0.0,Yogal Blate,False
1357_01,Mars,True,D/48/S,TRAPPIST-1e,40.0,False,0.0,0.0,0.0,0.0,0.0,Bet Stre,True
2547_01,Europa,False,,55 Cancri e,37.0,False,0.0,100.0,0.0,1402.0,1462.0,Alatrix Sometery,False
4102_01,Europa,True,B/128/P,TRAPPIST-1e,48.0,False,0.0,0.0,0.0,0.0,0.0,Brark Whetedy,True
3521_01,Europa,True,,55 Cancri e,23.0,False,0.0,0.0,0.0,0.0,0.0,Minoton Radisiouss,True
2628_02,Europa,False,A/21/P,55 Cancri e,51.0,False,0.0,6.0,0.0,2085.0,67.0,Sadlam Amoutake,False
6293_01,Earth,False,F/1301/P,TRAPPIST-1e,24.0,False,0.0,1049.0,1.0,0.0,0.0,Thel Sweekstarks,False
3786_01,Mars,False,E/252/S,TRAPPIST-1e,38.0,True,,0.0,1355.0,0.0,0.0,Fispot Birt,False
6277_01,Earth,True,G/1014/S,TRAPPIST-1e,23.0,False,0.0,0.0,0.0,,0.0,Kylen Haynardy,True
1289_02,Earth,False,G/195/S,TRAPPIST-1e,18.0,False,789.0,0.0,2.0,0.0,19.0,Chelsa Fultz,False
3271_02,Earth,False,G/532/P,55 Cancri e,8.0,False,0.0,0.0,0.0,0.0,0.0,Alley Micknightt,True
0171_01,Earth,True,G/30/S,PSO J318.5-22,19.0,False,0.0,0.0,0.0,0.0,0.0,Coracy Gordanieves,True
2730_02,Earth,False,F/527/S,TRAPPIST-1e,16.0,False,0.0,1115.0,0.0,1674.0,132.0,Candra Douglasen,False
3690_01,Earth,False,F/762/P,TRAPPIST-1e,35.0,False,0.0,30.0,357.0,435.0,0.0,Lestie Fowlesterez,True
7442_01,Earth,False,E/495/S,TRAPPIST-1e,43.0,False,20.0,0.0,726.0,,0.0,Antony Morrencis,False
1310_01,Europa,False,C/52/S,TRAPPIST-1e,57.0,False,0.0,987.0,1.0,4948.0,53.0,Kitauon Coillery,False
4542_01,Europa,True,B/150/P,TRAPPIST-1e,19.0,False,0.0,0.0,0.0,0.0,0.0,Coxak Sterve,True
8774_01,Earth,True,G/1412/S,TRAPPIST-1e,24.0,False,0.0,0.0,0.0,0.0,0.0,Jennyn Gentledges,True
5120_01,Mars,False,E/320/P,TRAPPIST-1e,20.0,False,0.0,0.0,0.0,0.0,0.0,Flams Bate,False
6681_01,Earth,False,F/1280/S,55 Cancri e,22.0,False,0.0,833.0,381.0,0.0,12.0,Belly Lerez,True
0110_02,Europa,,B/5/P,TRAPPIST-1e,40.0,False,0.0,331.0,0.0,0.0,1687.0,Aldeba Bootious,False
7882_02,Earth,False,G/1271/P,TRAPPIST-1e,10.0,False,0.0,0.0,0.0,0.0,0.0,Luise Coxterez,True
1727_02,Mars,False,D/54/P,55 Cancri e,52.0,False,1279.0,0.0,1061.0,359.0,0.0,Emoles Barte,False
0776_01,Earth,False,F/161/P,TRAPPIST-1e,19.0,False,0.0,2.0,1399.0,0.0,18.0,Breney Roycentes,True
6431_01,Earth,False,F/1334/P,55 Cancri e,20.0,False,24.0,56.0,1.0,,468.0,Melara Kramosley,False
4656_02,Earth,False,G/763/S,TRAPPIST-1e,9.0,False,0.0,0.0,0.0,0.0,0.0,Vanney Miranciash,False
2022_01,Earth,False,F/390/S,PSO J318.5-22,36.0,False,0.0,809.0,0.0,86.0,0.0,Gracia Houseson,False
8130_02,Earth,False,G/1308/S,55 Cancri e,4.0,False,0.0,0.0,0.0,0.0,0.0,Brie Mcbriddley,False
7559_01,Earth,False,F/1569/P,TRAPPIST-1e,22.0,False,0.0,0.0,441.0,0.0,423.0,Stace Castannison,False
3126_01,Europa,False,B/116/S,55 Cancri e,31.0,False,139.0,4018.0,13.0,232.0,1140.0,Zedares Foraud,True
8475_01,Europa,False,B/331/S,55 Cancri e,49.0,False,0.0,2808.0,1083.0,110.0,1132.0,Sadares Aindlylid,False
3464_02,Earth,True,G/561/S,TRAPPIST-1e,29.0,False,0.0,0.0,0.0,0.0,0.0,Therek Hardsonerry,False
2881_01,Earth,False,G/457/S,55 Cancri e,6.0,False,0.0,0.0,0.0,0.0,0.0,Walley Brightez,False
2752_03,Earth,False,E/165/P,TRAPPIST-1e,58.0,False,0.0,82.0,0.0,758.0,0.0,Thel Ballocks,True
5530_02,Mars,True,F/1144/P,TRAPPIST-1e,44.0,False,0.0,0.0,0.0,0.0,0.0,Mondax Mesty,True
0619_01,Europa,True,C/24/S,TRAPPIST-1e,39.0,,0.0,0.0,0.0,0.0,0.0,Scellus Holatirint,True
2965_01,Earth,False,F/622/P,TRAPPIST-1e,14.0,False,0.0,0.0,709.0,258.0,3.0,Amandy Munozanson,False
2120_01,Mars,False,D/73/S,TRAPPIST-1e,49.0,False,0.0,0.0,1058.0,0.0,0.0,Prah Bla,True
5375_02,Europa,True,C/210/S,TRAPPIST-1e,26.0,False,0.0,0.0,0.0,0.0,0.0,Quarke Tramsor,True
7091_01,Earth,True,G/1142/P,TRAPPIST-1e,32.0,False,0.0,0.0,0.0,0.0,0.0,Cassa Garrincent,True
0410_01,Earth,False,F/72/S,55 Cancri e,21.0,False,0.0,150.0,0.0,567.0,0.0,Tyrona Roachoanand,False
0501_01,Europa,False,E/32/P,TRAPPIST-1e,42.0,False,0.0,929.0,967.0,,481.0,Hadirk Spedlybood,False
2074_02,Europa,False,D/69/S,TRAPPIST-1e,23.0,False,9.0,4081.0,0.0,0.0,16.0,Mergas Alaring,True
3283_02,Earth,False,F/619/S,TRAPPIST-1e,19.0,False,64.0,0.0,453.0,174.0,6.0,Allyn Horthy,False
7437_01,Europa,True,B/279/S,55 Cancri e,45.0,False,0.0,0.0,0.0,0.0,0.0,Mesatan Disgul,True
1544_01,Earth,False,G/245/P,TRAPPIST-1e,21.0,False,9.0,0.0,0.0,0.0,800.0,Rosiey Ayalazquez,False
6816_01,Earth,True,G/1108/P,55 Cancri e,3.0,False,0.0,0.0,0.0,0.0,0.0,Allyny Ewiseston,False
7337_01,Europa,False,A/89/S,TRAPPIST-1e,25.0,False,0.0,115.0,0.0,1823.0,4041.0,Ranons Folkshbox,False
8988_07,Earth,False,F/1741/S,TRAPPIST-1e,53.0,False,0.0,1487.0,0.0,67.0,0.0,Heila Malliamsey,False
4027_01,Earth,True,G/659/P,PSO J318.5-22,29.0,False,0.0,0.0,0.0,0.0,0.0,Benry Patthews,True
3706_02,Mars,False,F/770/P,TRAPPIST-1e,18.0,False,131.0,0.0,980.0,1.0,0.0,Honda Kidie,True
8259_01,Earth,False,G/1342/P,TRAPPIST-1e,,False,0.0,0.0,486.0,324.0,0.0,Byrona Potthews,False
5304_02,Mars,True,F/1019/S,,33.0,False,0.0,0.0,0.0,0.0,0.0,Jagles Brine,True
1063_02,Europa,True,B/38/P,TRAPPIST-1e,15.0,False,0.0,,0.0,0.0,0.0,Aldebah Ingwhed,True
3487_01,Europa,False,A/39/S,55 Cancri e,46.0,False,0.0,0.0,0.0,1529.0,3069.0,Alphah Neceriont,False
4743_01,Europa,False,E/306/S,TRAPPIST-1e,38.0,False,0.0,4504.0,0.0,13.0,302.0,Suhaion Ametic,True
2500_01,Earth,False,G/403/S,TRAPPIST-1e,22.0,False,272.0,44.0,0.0,1064.0,418.0,Curtle Hoppernardy,False
2773_01,Mars,False,D/94/S,TRAPPIST-1e,25.0,False,314.0,2.0,648.0,92.0,0.0,Whark Teake,False
6096_01,Mars,False,F/1162/S,TRAPPIST-1e,41.0,False,239.0,1.0,1048.0,0.0,0.0,Berk Wooes,True
7793_01,,False,F/1617/P,TRAPPIST-1e,18.0,False,0.0,0.0,0.0,0.0,2141.0,Isa Anthompson,False
3688_03,Mars,True,F/697/S,TRAPPIST-1e,20.0,False,0.0,0.0,0.0,0.0,0.0,Donut Onbre,True
1902_01,Earth,False,G/298/S,TRAPPIST-1e,19.0,False,42.0,0.0,345.0,1431.0,0.0,Benny Carvis,False
5642_01,Europa,True,B/216/S,,35.0,False,0.0,0.0,0.0,0.0,0.0,Geonkaa Supred,True
8641_03,Mars,True,F/1667/S,TRAPPIST-1e,22.0,False,0.0,0.0,0.0,0.0,0.0,Pech Mille,True
8383_07,Earth,False,G/1368/P,TRAPPIST-1e,11.0,False,0.0,0.0,0.0,0.0,0.0,Elica Gibbsonton,False
3158_01,Mars,False,D/100/P,TRAPPIST-1e,21.0,False,1507.0,,3.0,2.0,1196.0,Pech Banie,False
7240_02,Mars,False,F/1392/S,TRAPPIST-1e,18.0,False,49.0,0.0,2885.0,1.0,0.0,Sunk Kad,True
0477_01,Earth,False,E/30/P,TRAPPIST-1e,22.0,False,0.0,5.0,0.0,1619.0,0.0,Benny Moongton,False
7646_02,Europa,False,C/285/S,55 Cancri e,44.0,True,3010.0,26.0,0.0,62.0,904.0,Mahamak Sometery,False
8945_01,Europa,False,D/270/S,TRAPPIST-1e,43.0,False,,1632.0,346.0,957.0,128.0,Maham Cralinal,False
6070_01,Mars,False,D/186/S,TRAPPIST-1e,49.0,False,2209.0,42.0,109.0,23.0,0.0,Aptal Fate,False
5967_02,Earth,False,G/965/P,TRAPPIST-1e,38.0,False,0.0,784.0,0.0,0.0,0.0,Ebonya Duranks,True
1515_01,Earth,False,F/293/S,TRAPPIST-1e,18.0,False,765.0,0.0,13.0,0.0,0.0,Herina Oconley,False
8393_01,Earth,False,F/1725/P,TRAPPIST-1e,21.0,False,163.0,146.0,54.0,245.0,95.0,Nancey Bookerson,False
2765_01,Mars,False,F/532/S,TRAPPIST-1e,27.0,False,1502.0,1.0,0.0,0.0,0.0,Callix Curie,False
8605_01,Europa,False,C/324/S,TRAPPIST-1e,67.0,False,0.0,82.0,0.0,2279.0,293.0,Suhain Netshaless,False
3839_01,Mars,False,E/228/P,TRAPPIST-1e,23.0,False,418.0,4.0,627.0,0.0,0.0,Puffes Kine,False
2067_01,Europa,True,C/70/P,TRAPPIST-1e,30.0,False,0.0,0.0,0.0,0.0,0.0,Alatrin Sprender,True
2384_04,Earth,False,G/383/S,TRAPPIST-1e,4.0,False,0.0,0.0,0.0,0.0,0.0,Loreen Cleachrand,True
8037_01,Earth,False,F/1538/S,TRAPPIST-1e,14.0,False,0.0,476.0,249.0,177.0,0.0,Danie Harley,False
8098_04,Europa,False,B/269/P,55 Cancri e,26.0,False,0.0,11598.0,0.0,3.0,386.0,Hasim Mosteraked,True
1218_01,Earth,False,F/243/P,TRAPPIST-1e,14.0,False,0.0,0.0,0.0,2143.0,7.0,Karah Gilleranks,False
3430_01,Earth,False,G/551/S,TRAPPIST-1e,74.0,False,0.0,193.0,581.0,0.0,0.0,Lewise Bullisey,True
7086_01,Earth,False,F/1467/P,TRAPPIST-1e,24.0,False,590.0,0.0,1.0,168.0,16.0,Juline Hamcmahon,False
5394_01,Mars,False,D/172/P,TRAPPIST-1e,14.0,False,246.0,0.0,2153.0,0.0,0.0,Coakey Nanie,True
6792_01,Mars,False,F/1412/P,TRAPPIST-1e,41.0,False,145.0,0.0,2383.0,30.0,40.0,Razzle Reate,True
1946_01,Earth,False,G/313/P,TRAPPIST-1e,34.0,False,0.0,0.0,53.0,731.0,0.0,Rayley Castannison,False
0903_01,Earth,True,G/135/S,55 Cancri e,23.0,,0.0,0.0,0.0,,0.0,Nelley Rushorney,False
1105_01,Earth,False,F/208/S,TRAPPIST-1e,17.0,False,82.0,0.0,263.0,16.0,515.0,Leen Willangsey,False
5458_01,Earth,False,E/351/S,TRAPPIST-1e,24.0,False,0.0,0.0,980.0,7.0,0.0,Wandy Diazarez,False
1167_01,Mars,True,F/236/P,TRAPPIST-1e,28.0,False,0.0,0.0,,0.0,0.0,Sugbix Terry,True
7782_01,Europa,False,C/291/S,55 Cancri e,33.0,False,0.0,73.0,31.0,8493.0,9065.0,Maiah Pickleve,False
8581_02,Europa,True,C/323/S,TRAPPIST-1e,33.0,False,0.0,0.0,0.0,0.0,0.0,Mesatz Meplel,True
8226_02,Mars,True,F/1572/S,TRAPPIST-1e,37.0,False,0.0,0.0,0.0,0.0,0.0,Guark Mille,True
7083_01,Europa,True,C/259/S,TRAPPIST-1e,32.0,False,0.0,0.0,0.0,0.0,0.0,Betenar Pirejus,True
5334_01,Earth,True,G/867/S,55 Cancri e,15.0,False,0.0,0.0,0.0,0.0,0.0,Besse Connon,True
3742_02,Earth,True,G/607/P,TRAPPIST-1e,24.0,False,0.0,0.0,0.0,0.0,0.0,Paulia Hickett,True
8214_01,Europa,True,D/242/S,TRAPPIST-1e,30.0,False,0.0,0.0,0.0,0.0,0.0,Atinon Exnutchor,True
6720_01,Europa,False,A/81/S,TRAPPIST-1e,44.0,False,0.0,0.0,0.0,0.0,0.0,Genubik Guieroolow,True
1079_01,Earth,False,G/163/P,55 Cancri e,41.0,False,638.0,0.0,133.0,0.0,,Helean Traverdy,False
4147_01,Europa,False,C/149/S,TRAPPIST-1e,54.0,False,0.0,,0.0,3200.0,0.0,Caphact Lendly,True
8508_03,Mars,False,F/1747/P,TRAPPIST-1e,0.0,False,0.0,0.0,0.0,0.0,0.0,Bonutz Bake,True
2640_01,Earth,False,F/510/S,TRAPPIST-1e,19.0,False,0.0,0.0,0.0,0.0,1051.0,Helean Wagnerray,False
5846_01,Mars,False,E/376/S,TRAPPIST-1e,27.0,True,149.0,0.0,890.0,9.0,0.0,Morny Gerin,False
5903_01,Earth,False,E/376/P,TRAPPIST-1e,34.0,False,223.0,0.0,13.0,514.0,41.0,Vivia Doughan,False
2189_01,Earth,,G/354/P,TRAPPIST-1e,34.0,False,0.0,0.0,0.0,628.0,0.0,Nelly Cruzaley,False
2707_02,Europa,True,B/103/S,PSO J318.5-22,29.0,False,0.0,0.0,0.0,0.0,0.0,Misa Belstrut,True
1500_07,Earth,True,G/230/S,TRAPPIST-1e,46.0,False,0.0,0.0,0.0,0.0,0.0,Everly Barbes,True
2156_01,Earth,False,F/421/S,TRAPPIST-1e,49.0,False,651.0,25.0,0.0,849.0,2.0,Troya Cofferson,False
4634_01,Earth,False,E/299/S,TRAPPIST-1e,14.0,False,514.0,0.0,392.0,0.0,0.0,Elindy Gilleyons,False
5013_01,Earth,False,F/953/S,TRAPPIST-1e,23.0,False,0.0,0.0,2102.0,0.0,0.0,Kaye Wagnerray,True
5356_01,Earth,False,E/340/S,TRAPPIST-1e,29.0,False,0.0,32.0,0.0,4517.0,0.0,Julies Winsley,False
6773_01,Earth,False,F/1407/P,TRAPPIST-1e,33.0,False,47.0,0.0,0.0,,3047.0,Scotte Greeves,False
0022_01,Mars,False,D/0/P,TRAPPIST-1e,21.0,False,980.0,2.0,69.0,0.0,0.0,,False
3480_01,Earth,False,F/655/S,PSO J318.5-22,50.0,False,121.0,558.0,0.0,10.0,0.0,Jacky Vales,False
8685_01,Earth,True,G/1400/S,55 Cancri e,21.0,False,0.0,0.0,0.0,0.0,0.0,Ren Midtt,True
7650_01,Earth,True,G/1242/S,TRAPPIST-1e,0.0,False,0.0,0.0,0.0,0.0,0.0,Jilly Palmes,True
4113_02,Europa,False,B/129/P,TRAPPIST-1e,45.0,False,0.0,2524.0,0.0,166.0,1.0,Coxak Bradiary,True
8222_01,Mars,False,D/257/P,TRAPPIST-1e,43.0,False,1054.0,109.0,576.0,645.0,0.0,Muld Sidie,False
1994_01,Earth,False,E/125/P,TRAPPIST-1e,17.0,False,0.0,0.0,249.0,537.0,5.0,Cary Pagedy,True
8338_01,Mars,True,F/1716/P,TRAPPIST-1e,21.0,False,0.0,0.0,0.0,0.0,0.0,Choney Empie,True
2000_01,Europa,False,C/76/S,55 Cancri e,28.0,False,5.0,2676.0,13.0,0.0,157.0,Weia Plattering,True
7134_01,Earth,True,G/1148/P,PSO J318.5-22,18.0,False,0.0,0.0,0.0,0.0,0.0,Heidie Kimpson,True
7410_01,Earth,False,G/1201/S,TRAPPIST-1e,41.0,False,85.0,804.0,0.0,0.0,0.0,Jaimer Cartz,True
4001_04,Earth,True,G/659/S,55 Cancri e,2.0,False,0.0,0.0,0.0,0.0,0.0,Carley Lowelliott,False
9076_01,Earth,,G/1461/S,TRAPPIST-1e,32.0,False,0.0,0.0,0.0,0.0,0.0,Shawne Simonsents,False
5531_02,Mars,True,F/1145/P,TRAPPIST-1e,33.0,False,0.0,0.0,0.0,0.0,0.0,Gut Brity,True
4315_02,Earth,,G/710/P,TRAPPIST-1e,20.0,False,0.0,0.0,0.0,0.0,0.0,Monard Hammonton,True
3796_01,Europa,False,B/121/P,55 Cancri e,33.0,False,90.0,26830.0,0.0,27.0,703.0,Dhena Semageary,True
3811_01,Mars,True,F/786/P,TRAPPIST-1e,54.0,False,0.0,0.0,0.0,0.0,0.0,Fisps Frasp,True
8637_02,Mars,False,F/1773/P,TRAPPIST-1e,25.0,False,987.0,0.0,6221.0,141.0,0.0,Varz Spien,True
8159_01,Earth,False,F/1687/P,,26.0,False,0.0,0.0,0.0,622.0,8.0,Blancy Guerson,False
4655_01,Europa,True,B/154/P,55 Cancri e,32.0,False,0.0,0.0,0.0,0.0,0.0,Ainkard Seflock,True
3283_01,Earth,False,F/619/S,TRAPPIST-1e,43.0,False,0.0,16.0,34.0,753.0,1.0,,False
5618_01,Earth,False,F/1075/S,TRAPPIST-1e,19.0,False,0.0,785.0,0.0,0.0,19.0,Jenn Lynnerett,True
3081_01,Europa,False,C/118/S,55 Cancri e,50.0,False,0.0,1547.0,0.0,1784.0,1.0,Gollux Reedall,True
5201_01,Earth,,F/1060/P,TRAPPIST-1e,21.0,False,1961.0,96.0,0.0,54.0,40.0,Melara Daughtson,False
5205_01,Earth,False,F/997/S,TRAPPIST-1e,22.0,False,261.0,0.0,0.0,107.0,1132.0,Mabley Roachez,False
5989_01,,False,F/1141/S,TRAPPIST-1e,20.0,False,0.0,0.0,,703.0,0.0,Darrie Holcompton,False
0078_01,Europa,False,C/4/S,TRAPPIST-1e,38.0,False,0.0,5840.0,0.0,321.0,9654.0,Spuri Pokerheed,False
8503_03,Europa,True,B/279/P,55 Cancri e,18.0,False,0.0,0.0,0.0,0.0,0.0,Tabdhib Coweboded,True
2234_01,Mars,True,F/448/P,55 Cancri e,20.0,False,0.0,0.0,0.0,0.0,0.0,Newtch Gen,True
7939_01,Earth,False,G/1281/S,TRAPPIST-1e,27.0,False,0.0,593.0,0.0,259.0,0.0,Jodyn Foxter,False
6087_01,Earth,False,F/1160/S,TRAPPIST-1e,19.0,False,605.0,0.0,24.0,1.0,86.0,Nadie Rodger,False
7338_01,Mars,False,D/233/P,TRAPPIST-1e,42.0,False,1318.0,0.0,1386.0,,,Jumars Colte,False
4176_07,Mars,False,F/859/P,55 Cancri e,24.0,False,612.0,326.0,46.0,87.0,0.0,Wille Fla,True
7236_01,Earth,True,,TRAPPIST-1e,16.0,False,0.0,0.0,0.0,0.0,0.0,Adammy Whitakers,True
2624_01,Earth,False,F/542/P,TRAPPIST-1e,15.0,False,0.0,0.0,875.0,3.0,,Annard Armstromez,False
3639_01,Europa,False,B/140/S,TRAPPIST-1e,29.0,False,125.0,5151.0,9.0,1.0,1.0,Mardach Contery,True
6694_01,Earth,True,G/1084/P,TRAPPIST-1e,66.0,False,0.0,0.0,,0.0,0.0,Ger Mcneiley,True
9013_03,Earth,False,G/1461/P,55 Cancri e,0.0,False,0.0,0.0,0.0,0.0,0.0,Brancy Prestonard,True
8168_03,Earth,False,F/1561/S,TRAPPIST-1e,21.0,False,644.0,0.0,0.0,0.0,2.0,Briane Carpentley,False
5560_01,Mars,False,D/168/S,TRAPPIST-1e,57.0,False,1696.0,0.0,1006.0,0.0,27.0,Tyog Birte,False
7889_01,Europa,True,C/256/P,PSO J318.5-22,35.0,False,0.0,0.0,0.0,0.0,0.0,Halleth Gulcepusy,True
8147_01,Earth,False,G/1317/P,TRAPPIST-1e,20.0,False,0.0,142.0,0.0,3528.0,92.0,Everly Pittler,False
5959_02,Europa,True,D/181/S,TRAPPIST-1e,34.0,False,0.0,0.0,0.0,0.0,0.0,Dabik Praugnox,True
8668_01,Mars,True,F/1783/P,TRAPPIST-1e,6.0,False,0.0,0.0,0.0,0.0,0.0,Mall Rapie,True
3941_01,Earth,True,G/643/P,TRAPPIST-1e,55.0,False,0.0,0.0,0.0,0.0,0.0,Adanne Mejiaddox,False
6741_02,Earth,,F/1286/S,PSO J318.5-22,18.0,,103.0,0.0,181.0,1611.0,22.0,Jeandy Reyersendry,False
9069_03,Europa,True,,55 Cancri e,25.0,False,0.0,0.0,0.0,0.0,0.0,Bath Brakeng,True
0031_02,Mars,False,F/9/P,TRAPPIST-1e,2.0,False,0.0,0.0,0.0,0.0,0.0,Cinets Datie,True
5278_01,Europa,True,B/203/S,55 Cancri e,37.0,False,0.0,0.0,0.0,0.0,0.0,Menkin Subateful,True
6191_04,Europa,True,A/59/P,TRAPPIST-1e,18.0,False,0.0,0.0,0.0,0.0,0.0,Miatrix Ametic,True
4828_01,Earth,False,G/778/P,55 Cancri e,14.0,False,363.0,44.0,0.0,0.0,512.0,,True
1287_02,Mars,True,F/259/P,55 Cancri e,4.0,False,0.0,0.0,0.0,,0.0,,True
9112_01,Mars,False,D/290/P,TRAPPIST-1e,28.0,False,,0.0,0.0,0.0,0.0,Wealke Brin,False
2412_01,Earth,True,G/392/P,TRAPPIST-1e,24.0,False,0.0,0.0,0.0,0.0,0.0,Rone Bertsontry,True
7045_01,Mars,False,D/222/P,55 Cancri e,19.0,False,1043.0,0.0,138.0,0.0,0.0,Range Bara,False
7683_01,Earth,False,F/1467/S,TRAPPIST-1e,28.0,False,0.0,817.0,58.0,0.0,25.0,Katen Avisnydes,True
4244_01,Earth,False,F/794/S,TRAPPIST-1e,17.0,False,0.0,628.0,0.0,66.0,449.0,Yvetta Weaverays,True
1828_01,Earth,False,F/361/P,,19.0,False,0.0,1333.0,3.0,624.0,254.0,Thelix Hultz,True
6058_01,Mars,False,F/1253/P,55 Cancri e,18.0,False,2904.0,5.0,50.0,0.0,9.0,Yaphex Ecart,False
3895_01,Mars,True,E/233/P,TRAPPIST-1e,36.0,False,0.0,0.0,0.0,0.0,0.0,Wolous Anpie,False
8886_02,Earth,True,G/1433/S,TRAPPIST-1e,4.0,False,0.0,0.0,0.0,0.0,0.0,Samana Mclarseney,False
3862_06,Mars,False,F/729/S,TRAPPIST-1e,13.0,False,1008.0,667.0,8.0,0.0,,Bants Cako,False
9217_01,Earth,False,E/604/S,55 Cancri e,31.0,False,15.0,679.0,89.0,6.0,0.0,Jasony Mckinsond,True
7240_01,Mars,False,F/1392/S,TRAPPIST-1e,39.0,False,197.0,0.0,2401.0,0.0,0.0,Oaters Kad,True
7156_02,Mars,False,E/475/S,TRAPPIST-1e,,False,0.0,0.0,0.0,0.0,0.0,Repart Ramad,True
4464_01,Earth,False,G/728/S,TRAPPIST-1e,21.0,False,0.0,0.0,0.0,0.0,0.0,Sharie Morrodgers,False
6934_01,Mars,False,F/1436/P,TRAPPIST-1e,47.0,False,160.0,0.0,1232.0,36.0,0.0,Cats Nutty,True
4798_02,Mars,True,F/975/P,TRAPPIST-1e,0.0,False,0.0,0.0,0.0,,0.0,Muld Terry,True
6634_02,,True,,TRAPPIST-1e,64.0,False,0.0,0.0,0.0,0.0,0.0,Alasmon Dischod,True
8149_01,Earth,True,G/1319/P,PSO J318.5-22,26.0,False,0.0,0.0,0.0,0.0,0.0,Gordo Contrevins,False
4640_01,Earth,False,G/760/S,55 Cancri e,26.0,False,595.0,84.0,0.0,0.0,131.0,Sharie Englas,True
8375_01,Earth,False,,PSO J318.5-22,15.0,False,64.0,0.0,0.0,0.0,640.0,Carlen Valezaley,True
1186_02,Earth,False,G/183/S,TRAPPIST-1e,8.0,,0.0,0.0,0.0,0.0,0.0,Elany Browlerson,False
7422_01,Earth,False,G/1204/S,TRAPPIST-1e,21.0,False,550.0,0.0,61.0,4.0,5.0,Shery Lardsonald,False
8272_01,Mars,False,F/1587/S,TRAPPIST-1e,0.0,False,0.0,0.0,0.0,0.0,0.0,Pigars Fache,True
7034_01,Mars,False,F/1341/S,TRAPPIST-1e,,False,1216.0,0.0,30.0,43.0,0.0,Walmon Curle,False
8344_01,Mars,True,D/247/S,TRAPPIST-1e,29.0,False,0.0,0.0,,0.0,0.0,Donch Pare,True
9161_01,Earth,True,G/1493/P,55 Cancri e,38.0,False,0.0,0.0,0.0,0.0,0.0,Olgary Lopelases,False
0925_02,Mars,True,F/191/P,TRAPPIST-1e,11.0,False,0.0,0.0,0.0,0.0,0.0,Varkes Kraie,True
4172_03,,True,F/856/P,TRAPPIST-1e,36.0,False,0.0,0.0,0.0,0.0,0.0,Chrets Flell,True
3868_03,Earth,False,G/630/S,,9.0,False,0.0,0.0,0.0,0.0,0.0,Joanry Braymon,False
2788_01,Earth,True,G/449/P,PSO J318.5-22,27.0,False,0.0,0.0,0.0,0.0,0.0,Harlos Ramoran,False
0425_02,Mars,True,F/96/P,TRAPPIST-1e,3.0,False,0.0,0.0,0.0,0.0,0.0,Cowns Fiha,True
7242_01,Europa,True,B/273/S,55 Cancri e,30.0,False,0.0,0.0,0.0,0.0,0.0,Errak Reeddommy,True
5967_03,Earth,False,G/965/P,TRAPPIST-1e,0.0,False,0.0,0.0,0.0,0.0,0.0,Britta Duranks,False
6787_07,Earth,False,F/1411/P,TRAPPIST-1e,26.0,False,113.0,38.0,0.0,0.0,630.0,Vandy Booneid,False
1782_02,Earth,False,F/341/S,TRAPPIST-1e,40.0,,596.0,,135.0,73.0,0.0,Carold Moodson,False
5536_01,Mars,True,F/1062/S,TRAPPIST-1e,20.0,False,0.0,0.0,0.0,0.0,0.0,Walles Pure,True
2986_01,Mars,False,E/197/S,TRAPPIST-1e,15.0,False,5711.0,0.0,2516.0,0.0,1370.0,Swaffs Dutty,False
0108_01,Earth,True,G/19/S,TRAPPIST-1e,23.0,False,0.0,0.0,0.0,0.0,0.0,Natald Handertiz,False
